situation,clue,thought,polarity
I accidentally bit my lip while eating . , it's really  deep . , I will have a permanent mark . ,0
I agree to the challenge of being able to work less and still get paid the same . , I have a lot of willpower and I'm determined . , I will be able to achieve it . ,1
I take my boss to the library to find a book for him . , my boss  didn't give me  the name of the book he wanted . , I will  not find the book . ,0
I give my boss a detailed description of the project I have been working on . , I have been working hard on it for weeks . , he will be happy with the results . ,1
I beat my friend in a video game . , I  always  win . , I will  gloat . ,0
I asked my friend for relationship advice since they've been together for so long . , they have been through a lot together and their relationship is still going strong . , their relationship is amazing . ,1
"I saw my friend's crush at the library the other day, so I went up and talked to her . ", she has been really nervous about talking to her . , my friend will be really happy that I talked to her . ,1
I asked for my boss's pardon after I accidently spilled coffee on his laptop . , he was very angry and I made a lot of mistakes recently . , I will lose my job . ,0
I ask all my friends if they want to go out to eat with me and my boss . , we all like trying new restaurants . , my boss and friends will enjoy the food . ,1
I give my boss an explanation for why I was late to work . , I have never lied to him before . , he will believe me . ,1
I am always taking my parents for granted . , I don't appreciate them . , they will not be there for me when I need them . ,0
My boyfriend asked me to prom in a super romantic way . , nobody else asked me . , he is only doing it because he feels sorry for me . ,0
I ask my boss if he wants to play tennis with me . , I am taking a break . , he will think I am not working enough . ,0
I saw a really nice vase at a store and bought it for my mom . , I didn't ask her first . , she may not like it . ,0
She efficiently allocates her time between work and relaxation . , I can't find time to relax . , she is better than me . ,0
My employer asserts their right to privacy in the workplace . , I will challenge their right to privacy . , I will be accused of being a troublemaker . ,0
The doctor asked me to sit down on the examination table . , the doctor has a good reputation  . , the result will be positive . ,1
I needed to ask my boss for my co-worker's phone number . , my boss is the only one who has it . , it was the right thing to do . ,1
My parents asked me for money to help pay the bills . , I'm their child  . , I'm doing my part to help . ,1
I ask my daughter what she wants for breakfast . , she always wants something that I don't have . , she will say something that I don't have . ,0
I am accompanied by my boss's wife . , she is the wife of my boss . , it will be an honor to meet her . ,1
I relied on my friend's experiences when planning my own trip to Europe . , my friend's trip was a disaster . , my trip will be a failure . ,0
He's advancing towards me with a knife . , he seems angry . , I'll be stabbed . ,0
I was in the middle of a project at work when my boss called me into his office and told me I was being promoted . , he complimented me on my hard work . , my boss has been noticing my work and values it . ,1
My boss agreed to take me to the conference . , it will be a great chance to meet new people . , it will be a networking opportunity for me . ,1
I asked the author to write a book about their experiences . , they are an experienced author . , it will be an interesting book . ,1
I was talking to my friends about baby names the other day and one of them said they liked the name 'Ashley' . , it is my favorite name . , it is a pretty name . ,1
I get on the plane to go on my business trip . , I will be meeting new people and seeing new places . , I am going to learn so much on the trip . ,1
The doorman wouldn't allow me to enter the building without my ID . , the last time I used it . , I lost my ID . ,0
The army advances towards the town . , the army outnumbers the town's population . , the town will be captured . ,0
I was the last person to board the plane and the guy in front of me was taking forever so I was a little frazzled by the time I got to my seat . , I asked him to hurry up . , I was rude to him . ,0
My friends and I have agreed to go cliff diving tomorrow . , we have never done it before . , that it is going to be an adventure . ,1
I was arguing with my boss about the new project proposal . , my boss was getting angrier and angrier . , I may have jeopardized my job . ,0
I caught my friend's attention by waving my hand . , I looked like an idiot . , he will think I am stupid . ,0
I relied on my friend's experiences when planning my own trip to Europe . , my friend had been there before . , my friend's knowledge would help me have a great time . ,1
I begin my career as an accountant . , it seems very boring . , I will be doing the same thing for the rest of my life . ,0
I assume my boss's responsibilities while she is out of town on vacation . , I've never done her job before . , I will fail . ,0
I brag to all my friends about how I just got a raise . , I work hard and deserve it . , they'll be happy for me . ,1
I was asking my friend for some advice on how to ask out my crush . , we have been close friends for a while now . , he/she will give me some good tips . ,1
My parents are bearing the cost of my college education . , they are supporting me . , I will be able to get a job that I love and not have to worry about money . ,1
A boy asks a girl to prom . , he is not her type . , she will say no . ,0
My friend is helping me plan my surprise party . , My friend is very detail oriented . , it will be a success . ,1
I arranged an interview for my friend with the CEO . , she has always wanted to work for that company . , it will help my friend's career . ,1
I assured my brother that I would be okay to travel by myself . , I have never traveled by myself before . , I will not make it to my destination safely . ,0
I am going to amend my will . , I will  leave him less money than my daughter . , my son will be disappointed . ,0
I bet my new boots will be great for our next hike . , they look to be well made . , I will have them for a while . ,1
I agree to go on a date with the new guy . , I know nothing about him . , he may be a little bit of a creep . ,0
The defendant protested his innocence . , several pieces of evidence suggested otherwise . , he might be lying . ,0
I picked up the slack for my friend who was going through a rough patch . , they  thanked me profusely and offered to return the favor . , my friend appreciated it . ,1
I caught my friend's attention by waving my hand . , he is looking at me . , I have his attention . ,1
I am the head of the PTA and attend all the meetings . , the PTA is very time-consuming . , I will never get a break from my duties . ,0
I was playing video games with my brother the other day and I beat him for the first time . , he always wins . , he will be angry . ,0
I am advancing another two levels in my video game . , I have been stuck on this level for weeks . , I will never beat the game . ,0
I am basing my decision on previous experiences . , I have been in this situation before . , I will make good decisions . ,1
The old man added more wood to the fire . , I asked him to . , he is going to make a hot cocoa for me . ,1
I accomplish my goal of becoming CEO by the age of 30 . , Ill have to make a lot of important decisions . , lli be overworked and stressful . ,0
I babysat my cousin's kids while she was at work . , they were really hyper . , I will not be able to handle them . ,0
Themanager abuses his power by making the employees work overtime . , I will never get the chance to prove my abilities . , I will never get promoted . ,0
I have to go to a lot of parent-teacher meetings because I'm a teacher . , they offer parents and guardians an opportunity to learn about their child's progress in school . , that parent-teacher meetings are so important . ,1
My boss asked me to give a presentation to the board of directors . , I am not good at public speaking . , I will not do well . ,0
I'm biding my time until my parents get home . , they left without telling me . , they may be gone for a long time . ,0
My ability to focus is affected when she's around . , she's a very distracting person . , I will not be able to think straight . ,0
I walked into my roommate's room without knocking the other day and he was in the middle of changing . , I just stood there and stared at him . , he will think I am a perv . ,0
I have been feeling really stressed lately and it's affecting my health . , I have been making an effort to relax more and eat better . , I have started to taking better care of myself . ,1
I accept your offer to go for a date . , I have low self-esteem . , you will think I am ugly . ,0
I asked my boss what he wanted from me . , I  was  not  meeting  his expectations . , I will be fired . ,0
I will bear my partner's share in the project . , I didn't do it when I should have . , I will be scolded by the professor . ,0
I babysat my cousin's kids while she was at work . , they never listen to me . , they will be too noisy . ,0
I asked the President to sign my petition to end homelessness . , I have been a big supporter of his campaign . , he will listen to what I have to say . ,1
I was baring my soul to my best friend . , I know she loves me for who I am . , she will not judge me . ,1
I asked my parents for money to travel . , I have been a good daughter and I have always helped them out . , I will get what I need . ,1
I give a speech about why women should be in the workforce . , they don't need  me  to  do  that . , I will be  made  redundant . ,0
My co-worker became my friend . , I'm not close with her . , I will be left out . ,0
The avenger's goal is to kill the murderer . , the avenger's parents died  . , the murderer didn't deserve to die . ,0
I add an extra hour of studying to my schedule . , I have too many classes . , I will not be able to finish all my work . ,0
The army is advacing upon the enemy . , our side is armed with better weapons . , we will win the battle . ,1
I was at a party the other night and heard someone say my name . , I didn't know anyone else at the party . , they were talking about me . ,0
I crowdsourced around for a solution to my problem . , it is too difficult . , I will not find the answer . ,0
I argued with my friends boyfriend because he was being really disrespectful to her . , she wasnt used to him talking to people like that . , she will think I am overreacting . ,0
I was really affected by the 9/11 terrorist attacks . , it was such a devastation . , our country will be forever changed . ,0
I try to calm my boss's fears about the company's future . , my boss already trusts me . , my positive attitude will be infectious . ,1
I ask my boss for help with a project I'm working on . , my boss is always willing to help me out . , I will get the help I need . ,1
I adjusted my seatbelt accordingly after the car began to speed up . , the  car  was  going  too  fast . , the car will  hit  a  wall in front of us . ,0
I go on a date with my boss . , I am an attractive and intelligent woman . , he will fall in love with me . ,1
I achieve my purpose of being promoted to a manager position . , my boss has trust in me . , I positively worked hard for it . ,1
I beat my personal record in the 100 meter dash by 0.2 seconds . , breaking my personal records is one of the indicators that I am progressing . , I am one step closer to my goals . ,1
My father is attending to his duties as a doctor . , he is working as a doctor . , he is helping to save people's lives . ,1
He gave her flowers on their first date . , he was trying to be romantic . , he was going to get laid that night . ,1
The police officer afforded the old woman protection . , she  is  not  used to being afforded protection . , the old woman will be scared . ,0
I was baring my soul to my best friend . , we have been through so much together . , she will truly understand me . ,1
I am now a majority shareholder in my family's business . , I'm not very interested in the business . , I will not be able to continue its traditions . ,0
My little sister always takes my opinion into account when she is planning her vacation . , she knows how much I love traveling . , I will be asked to go with her even if I do not want to . ,0
I spend many hours on the phone with my friends . , they need the phone too . , my parents will be mad . ,0
I give my boss a detailed description of the project I have been working on . , it is very innovative and professional . , he will be very impressed . ,1
I am the head of the PTA and attend all the meetings . , I have a lot of previous experience . , I will be able to help out the school a lot . ,1
I ask my boss for his opinion on a work-related issue . , I'm new to the company . , he will think I'm trying to challenge his authority . ,0
I will bear my partner's share in the project . , we will have more manpower and resources to work with . , the project will be a success . ,1
I have achieved one of my New Year's resolutions- to travel to Thailand! . , this was a huge accomplishment for me and it motivates me to continue working hard to achieve my other goals . , I positively can do anything I set my mind to! . ,1
I agreed to go on a second date with the guy I met online . , he was very shy and reserved . , he is not who he says he is . ,0
My lawyer will argue my case in court tomorrow . , the evidences against me are pretty strong . , I will be convicted . ,0
I had to ask my girlfriend's mom for help because I forgot her birthday . , I couldn't even remember something as important as her birthday . , I will be seen as irresponsible . ,0
I give my opinions about music to my boss . , he only loves country music . , he will not listen . ,0
I break my mother's favorite vase by accident . , I always carelessly break things at home . , I will get scolded . ,0
"My best friend asks me to go to the dance with him , but I don't know how to dance . ", we always have a lot of fun when we hang out . , we'll have a lot of fun . ,1
I broke my hip when I fell from the tree . , the pain is not that big . , I won't have to go to the hospital . ,1
My boss asked for an explanation of my tardiness . , he has been happy with my work lately . , I will get a raise . ,1
The avenger's goal is to kill the murderer . , they killed someone . , the bad guy deserves it . ,1
I adapt my work schedule to the needs of my family . , I want to be able to spend more time with them . , I am doing what is best for them . ,1
My travel agent gave me a description of the different ocean cruises . , it  sounds  so relaxing and I deserve a vacation . , I will  go on one . ,1
I'm waiting for my boss to leave so I can go home . , it's getting late . , he's almost done for the day . ,1
My boss asked me what I thought of his new business idea . , he is very confident about his idea . , he will be offended if I give him an honest answer . ,0
My uncle avenged my grandfather's death . , My uncle avenged his death . , My grandfather's spirit will be pleased . ,1
My employer asserts their right to privacy in the workplace . , I am an adult and a professional . , I am entitled to a certain degree of privacy at work . ,1
I also took out the new girl on a date . , we had a lot in common and she said I was a great listener . , she will be my new girlfriend . ,1
I arouse my boss's interest by wearing a low-cut shirt to work . , I show my cleavage . , I will  be label as a slut . ,0
My boss asked me to go to work with him today . , he usually asks me to work on weekends . , I may have to do extra work . ,0
I need help from my friends planning my next birthday party . , they are always asking me what I want to do and they seem to care about what I want  . , they will be willing to help me out . ,1
My sister is going to act as my power of attorney while I'm out of the country . , I trust her completely . , she will handle everything just fine . ,1
"After years of planning, I finally avenged my brother's death . ", he was killed unjustly  . , I had justice . ,1
I asked my doctor what was wrong with me . , she is a professional . , that I will be able to fix the problem . ,1
I decided to hike up the mountain path behind my house . , I had never been on that path before . , I would find a secret hidden waterfall . ,1
I am biding my time until my next vacation . , I have been working nonstop for the past few months . , I will never get a break . ,0
I am brushing my teeth before bed . , I am always tired at night . , I will forget to do it . ,0
I became an official member of the library without my mom's signature . , I'm still a minor . , I will be scolded . ,0
I am avoiding my ex's eyes . , I am not giving her the satisfaction of looking into my eyes . , she won't be able to see how hurt I am . ,1
My dad is raising me and my siblings by himself . ," no matter how hard things got , he never gave up on us  . ", he is the best dad in the world . ,1
I show everyone my new car . , I am not driving a luxury car . , they will all judge me . ,0
I always base my travel plans off of my friends' experiences . , my friends are always happy when they come back from their trips . , I will have a good time no matter what . ,1
I broke my hip when I fell from the tree . , my mom is a doctor . , I won't have to go to the hospital . ,1
I asked my friend what she thought about my outfit . , she is my best friend . , she would never lie to me about my fashion choices . ,1
I pretend to be interested in sports so that my male friends will not think I am weird . , we can have different hobbies and still be friends . , I don't have to like what they like to be friends with them . ,1
I broke my leg skiing . , bones usually do . , it'll heal soon . ,1
I am answering the call of my ancestral homeland . , my children are adults now . , I will be going there alone . ,0
"I wanted to get a new car, so I saved up and finally bought one . ", it's a long drive to work . , it will help with my commute . ,1
I am answering the call of my ancestral homeland . , I have to take care of my sick mother . , I will not be able to fulfill my promise . ,0
My dad always told me that I should travel while I'm young . , I have no money . , now I will never be able to go . ,0
I was getting interviewed for a job and the interviewer asked me about my experience . , he nodded his head while I was talking . , I will get the job . ,1
I asked my coach for permission to tryout . , I have practiced hard . , I will get a chance to play . ,1
I always base my travel plans off of my friends' experiences . , they always tell me about the great places they have been . , I will have an amazing time . ,1
I was thinking about my cousin – she's traveling in Africa right now . , she has written to me telling me about all the amazing things she has seen . , she is doing well . ,1
I keep my fingers crossed whenever I have to do a presentation in front of my boss . , I'm too nervous . , I will not be able to give the presentation properly . ,0
I have achieved my dream of becoming a doctor . , it is a very difficult profession . , I will have to work very hard . ,0
I asked my best friend to the homecoming dance . , we have been good friends for a while . , he will say yes . ,1
We almost hit a deer on our way home from our trip . , the deer ran out in front of our car suddenly . , we could have died . ,0
I ask my friend to join my book club . , she has never mentioned wanting to join a book club . , she may not be interested . ,0
I also told my boss that I accept the job position . , he was very happy and he told me that I will be a great asset to the company . , that I made the right decision . ,1
My lawyer is acting on my behalf in the divorce proceedings . , my lawyer is experienced in family law . , I will have a more favorable outcome . ,1
I arranged an interview for my friend with the CEO . , CEO always appreciates new talent . , it will help my friend's career . ,1
I asked my date to dinner . , I am a great catch . , they will say yes . ,1
I am babysitting my friend's cousin while they go out on a date . , I'm not good with kids . , the baby will cry the whole time . ,0
I accomplished my goal of reading 100 books this year . , I have to start working . , I will never find the time to read again . ,0
I am answering the call of my ancestral homeland . , I have been dreaming about this for a long time . , I am going to get many rewards . ,1
The president abuses his power . , he doesn't respect the rule of law . , the democracy is in danger . ,0
I asked my boss if she would join my book club . , it would give her a chance to socialize outside of work . , she will get something out of it . ,1
I have asked my mom to help me plan my wedding . , she has always been my best friend . , it will be more special that way . ,1
I keep my fingers crossed for my driving test . , my mom says that it worked for her . , I'm going to get my license . ,1
I asked for my friend's explanation about why he was arguing with his girlfriend . , I have been friends with him for a long time . , he started to listen to me . ,1
I asked the new guy if he had seen my coffee mug . , he smiled and nodded when I asked him . , he has it . ,1
The weather forecast said that the hurricane would affect people's travel plans . , I didn't make any alternative plans . , I will be stranded . ,0
I helped my friend with their project . , my friend didn't seem to appreciate it . , I would never get any help when I need it . ,0
I asked my boss for a raise . , I have worked hard and contributed to the company . , positively that she will give me one . ,1
I babysit my cousins every Saturday . , they are always fighting and never listen to me . , I will be bored . ,0
My aunt also told me how much she enjoyed the food and the culture . , I'm a vegetarian . , I will not be able to find  a good variety of food . ,0
I asked the cashier for directions to the nearest post office . , the cashier was very helpful . , I will get there without any trouble . ,1
I was getting a massage and the masseuse was arching my back . , it hurt a lot . , my spine may snap . ,0
I asked my friend if he liked the new restaurant . , it has healthy food . , he will like it . ,1
My sister avenged my death by winning the game in my memory . , nobody was there to see it . , nobody will know the truth . ,0
I bring up my children in a conversation with my boss . , I can't focus on work . , he may think I am not responsible . ,0
I am attempting to explain to my boss why i was late . , it's the third time this month . , she won't believe me . ,0
Themanager abuses his power by making the employees work overtime . , it's against the law . , he will get caught and be fired . ,1
"I was going to the grocery store, but then my cat barred my way . ", she knows I'll be gone for a long time . , my cat is trying to keep me from going outside . ,1
I was thinking about my cousin – she's traveling in Africa right now . , she's traveling alone . , she will get robbed . ,0
I used my friend's car to get to the party . , I hadleft early . , I would get there on time . ,1
I broke my hip while playing soccer . , I  am  old . , I will be in the hospital for a long time . ,0
I let my friends pick out my outfit for my date . , my friends know me well and want me to look good . , I will have a great time . ,1
The weather forecast said that the hurricane would affect people's travel plans . , I had planned to go to the beach this weekend . , my vacation might be ruined . ,0
I asked for my boss's permission to take a vacation day . , I have been working hard recently . , he will approve my request . ,1
I asked my neighbor for a recommendation for a good place to travel . , she is an experienced traveler . , I will have an amazing time . ,1
I accomplished my goal of getting an A in the class . , I have put in so much effort and time . , I am capable of doing anything . ,1
My best friend asks me to go to the dance with him . , I promised my little sister I would take her to the movies . , I will have to say no . ,0
The professor asked me to write a paper on a specific topic . , I am a good writer . , I will get an A on it . ,1
I ask my boss's mom for help with my car . , we have a good relationship . , I can trust her to help me . ,1
My ability to focus is affected when she's around . , I have caught her staring at me a few times . , she is interested in me . ,1
I form my opinion of my new boss after talking to her for the first time . , she was very kind and interested in what I had to say  . , she is a great person . ,1
I gave my brother some money so he could afford a new car . , I gave him the money . , he will driving a new car . ,1
I asked my friends for advice on how to handle the situation . , they are my friends and I have helped them in the past . , they will help me out . ,1
I adjusted my seatbelt accordingly after the car began to speed up . , the safety measure was put into place . , I  am safe from  harm . ,1
I beat my brother in a race . , I have beat him before . , I am the better runner . ,1
I am basing my travel plans on my aunt's experience . , she  always  gets lost when she travels . , I will end up getting lost . ,0
My coworker is always advancing toward me and trying to engage in small talk . , I'm not interested in talking . , my personal space is being invaded . ,0
My aunt also bought me a souvenir keychain from her trip to Italy . , it will make me happy . , I will put it on my keys . ,1
I asked my friend's girlfriend to the movies . , we have talked a lot before . , she may think I am asking her out on a date . ,0
My best friend becomes my boss's wife . , I have known them both for a long time . , I will be invited to all the family events . ,1
I asked Sarah on a date to see the new Avengers movie . , I am a nice guy and I have been asking her out for a while now . , she will say yes . ,1
One of my friends from college appeared in a picture with Beyonce . , I have never met a celebrity . , my friend is more popular than me . ,0
I asked my little brother to borrow his video game . , We always share things with each other . , he is going to let me borrow it . ,1
"I was out fishing with my buddies and one of them forgot to bring bait, so I had to share mine . ", they were really grateful . , I was able to help out a friend in need . ,1
I assure my boss that I will be able to take care of the problem . , I have been handling such tasks for a long time . , I will be able to find a solution to the problem . ,1
I began my modeling career when I was 17 . , I was told that I need to be at least 5'7 , I will be too short . ,0
I bragged to all my friends about how I got the new girl's number at school . , she gave me the wrong number on purpose . , they will find out I lied . ,0
A new employee arrives at my job and I ask his name . , I have difficulty remembering people's names . , I will forget his name 10 minutes later . ,0
"I'm currently going through a divorce and although it's been hard, I'm trying to focus on being the best parent I can be for my kids . ", I'm not in the best financial state . , I will not be able to give them the life they deserve . ,0
I ask my family for help with homework . , I am in college . , they will think I am stupid . ,0
I asked my boss's neighbor if he had seen my boss come home last night . , he is a credible witness . , he could help me prove my innocence . ,1
I have asked my roommate to write a paper for me . , he is a good writer . , he will be happy to do it . ,1
The doorman wouldn't allow me to enter the building without my ID . , I was wearing a dress and high heels . , he must think I look like a model . ,1
One of my hobbies is helping out of state students practice for their drivers' licenses . , I get to help people and make a difference . , it is a very rewarding experience . ,1
I asked my girlfriend to forgive me for forgetting our anniversary . , I have been very sorry and I have bought her a present . , she will say yes . ,1
I ask my boss to send a memo to the company about the change in personnel . , the change is not significant . , he will not approve it . ,0
I give my boss an explanation for why I was late to work . , she is a reasonable person . , she will understand . ,1
I take out my gun and shoot at the person who is trying to break into my house . , it's pitch black and  I can't see anything . , I may have shot an innocent person . ,0
I asked the teacher to repeat what she had said because I didn't understand . , I take notes and listen carefully . , it shows that I am interested in the class . ,1
My boss asked me to make a report . , I'm not good at English . , it's too difficult for me . ,0
I achieved my goal of running a marathon under 4 hours . , I have put in the hard work and dedication required . , I can achieve anything . ,1
I asked my friend to visit me in the hospital . , she always make me feel better . , it would be good for my recovery . ,1
I take my little sister to the park to afford her some pleasurable time outside . , she is a very good girl . , she deserves it . ,1
I ask my boss to take a look at my resume . , my resume is not very attractive . , he will not be impressed . ,0
I agree to go on a month-long trip with my friends . , we'll be spending so much time together . , we'll get to know each other better . ,1
I asked the cashier for a pen and she gave me a pencil instead . , I should have known the difference . , I will be made fun of . ,0
I give my opinions about music to my boss . , I am very passionate about it . , she will listen to me . ,1
I adapt my work schedule to the needs of my family . , no one needs it . , I will not be able to sell it . ,0
I asked my friends for their numbers so I could stay in touch with them . , they are important to me . , I should stay in touch with my friends . ,1
I asked the professor if I could have an extension on the project . , I have a good reason for why I need more time . , he will say yes . ,1
I can't believe my ears when my boss tells me that I'm getting a raise . , I haven't worked here for very long . , I don't deserve it . ,0
My aunt also told me how much she enjoyed the food and the culture . , she has been there before . , I am going to enjoy the food . ,1
I asked my friend for advice about my boyfriend . , she doesn't like him . , she will tell me to break up with him . ,0
I agree to go on a date with the person I met at the bar . , I didn't like the person that much . , I'll be going home alone . ,0
I babysit my younger cousin while my aunt goes out to run errands . , she often spilling things and tearing things up . , she will make a mess . ,0
My parents are bearing the cost of my college education . , they are making a big financial investment in my future . , I will be very grateful to them . ,1
I am performing my duties as a maid . , my employer is never satisfied with my work . , my work is never good enough . ,0
My father affords me protection . , he is always there for me  . , he cares for me . ,1
I asked my friends what they thought of my new haircut . , my friends said it looked good . , it looks good . ,1
I tell my boss about my personal life in order to gain his trust . , he will know more about me . , he will give me better opportunities . ,1
"I wanted to get a new car, so I saved up and finally bought one . ", it was an expensive car . , I will have car payments for the next five years . ,0
My boss arrives to pick me up for a business trip . , I have worked hard and made lots of progress on my project . , he will take me to first class . ,1
I admire my friend's work . , she put a lot of effort into it . , she is going to be successful . ,1
I bait my grandpa's hook when we go fishing . , he doesn't let anyone bait his hook . , I will never get the chance to do it again . ,0
I ask all my friends if they want to go out to eat with me and my boss . , they like free food . , they will all want to come . ,1
"I talked to my boss about getting a raise, and he agreed and gave me a raise . ", I have put a lot of extra effort into my work recently . , I deserve it . ,1
The boss put his foot down about the new project . , he was so firm about it . , we will get paid for all the extra  work . ,1
The weather forecast said that the hurricane would affect people's travel plans . , my flight is tomorrow . , I will be stuck in the airport . ,0
"After years of saving up, I was finally able to afford to buy a house . ", it is a symbol of success and hard work  . , I achieved the American dream . ,1
I notice my boss is crying and I bring tissues to her . , she thanks me and dries her tears . , she appreciates me . ,1
I asked my friend's grandmother for a recipe . , I didn't want to look it up myself . , she will think I'm lazy . ,0
"I'm trying to stop a fight between my friends, but then I say something that makes it worse . ", I was the one who said something that made it worse . , I will be blamed . ,0
I have a niece who bears my name . , I think  names are very important . , my sister-in-law named her after me to make fun of me . ,0
I asked my teacher to say the answer to the question . , I didn't try to figure it out by myself . , I will be scolded . ,0
I beat my friend in a video game . , I have won four times in a row . , I'm better than him . ,1
I adopted a baby . , I will love him/her unconditionally . , I can positively  provide him/her a wonderful life . ,1
I asked my friend for her recommendations for my trip to Japan . , she had just been there herself . , she would be able to help me out . ,1
I will appear for my interview tomorrow . , I gave my best . , I practiced enough . ,1
I will bring my daughter to school . , she hasn't been to school before . , she may not want to stay with me . ,0
I asked the new guy if he had seen my coffee mug . , I can't find my own coffee mug . , he is going to think I am stupid . ,0
I asked my professor for help on my project . , she didn’t seem very interested when I asked her about it . , she may say no . ,0
I am going on a date with my boyfriend tomorrow . , I am not his type . , he will not like me . ,0
I have just begun my career as an engineer . , I am not familiar with the working environment  . , I will mess up . ,0
I was playing chess with my boss's dad and I won . , my boss's dad is very competitive . , I will be fired . ,0
I asked my mom if I could go to the movies . , I have been good recently and listened to her . , I will get what I want . ,1
One of my good friends from college just became my wife . , she makes me very happy . , I will be very happy with this decision . ,1
I picked up the slack for my friend who was going through a rough patch . , I know how much it would have meant to them . , I was being a great friend . ,1
"After my father died , my brother assumed the responsibility of being the head of the household . ", he has always been the more responsible one . , I positively think he will take care of everyone . ,1
The company adapts the product to the needs of the customer . , I don't know how to act cool . , they will think I am lame . ,0
I achieved my goal of quitting my day job and becoming a full-time writer . , I will have more time to focus on writing . , I am going to make a lot of progress with my writing career . ,1
I also asked for a raise . , I have only worked at the company for a few months . , I will be fired . ,0
I will bring my daughter to school . , I am not her mother . , I will not be able to protect her . ,0
My mother gave me a long explanation about her travels when she was younger . , I know that she just wants to share her experiences with me . , I would be able to hear her out and be patient . ,1
The guidance counselor advised me to take more AP classes . , I will have less time for extracurriculars . , my grades will drop . ,0
My aunt's travel has really affected her health . , she can't  travel anymore . , she won't be able to enjoy the rest of her life . ,0
I was angry and threw a rock at my own window . , it's my own property . , I will have to pay for the window . ,0
I am avoiding my ex's eyes . , their eyes are full of hurt . , they will see the hurt I'm trying to hide . ,0
I have asked my family if they want to travel with me to Europe this summer . , they usually prefer to travel within the country . , they will say no . ,0
I broke my elbow playing soccer . , it's so painful . , I will never play again . ,0
The army advances towards the town . , our army is the best in the world . , we are going to win the battle . ,1
The cashier was trying to explain to me why I couldn't use my credit card . , I have been a victim of credit card fraud before . , I will be accused of fraud . ,0
I adapt my work schedule to the needs of my family . , work-life balance is important . , I can have a more successful career . ,1
I attend my scientist friend's research meetings . , he is one of the most brilliant minds in his field . , I will learn a lot and be inspired . ,1
I asked the President to sign my petition to end homelessness . , he has done things like this in the past  . , he actually will sign it . ,1
I ask my boss's sister out on a date . , I am not her type . , she will say no . ,0
I answer my purpose by making a lot of money so that my family can live comfortably . , I am not very good at making money . , I will  not be able to reach my goal . ,0
I spend many hours working on a project that I'm not interested in . , it's very boring . , I will not be able to finish it . ,0
I asked my boss what happened in the meeting . , I wasn't in the meeting . , he will think I am not doing my job . ,0
"I attempt to explain to my boss why I was late for our meeting, but he does not want to listen . ", he wasn't there to see what happened . , he will not understand . ,0
I asked my mom for help with my math homework . , I  didn't try to do it myself first . , I will be scolded . ,0
I bared my soul to my therapist . , I never burdened her with my  personal problems before . , She cannot give me any support . ,0
I asked my friends for help when it came to asking her out . , I am not confident . , she might say no . ,0
I go on a date with my boss . , he is much older than me . , he may try to take advantage of me . ,0
I am asking for travel advice from people who have been to Spain before . , I have no idea what I'm doing . , my travel plans will be ruined . ,0
"The more I learn about my co-workers, the more I realize how much we have in common . ", we have a lot in common  . , we can connect and be friends . ,1
I asked my friend's girlfriend out on a date . , she said she was single . , she will say yes . ,1
My best friend called me yesterday to catch up . , we have so much in common . , we will become even better friends . ,1
I needed to ask my date's father for help . , he is always so nice and helpful . , he is going to be happy to help . ,1
I would play tennis with my friend . , I keep losing . , I need to practice more . ,1
"After years of planning, I finally avenged my brother's death . ", the police are looking for me  . , I will be arrested . ,0
My uncle avenged my grandfather's death . , it's not appropriate to take law into your own hands . , he  will be blamed . ,0
I breastfeed my baby every day . , my baby is always crying and seem very hungry . , my milk is not enough . ,0
My boss is taking me out to lunch today to discuss my raise . , I got the raise . , my boss has been impressed with my work . ,1
I asked my parents for money to travel . , they don't have extra money . , they will say no . ,0
The questions my boss asked me were very difficult . , he himself was very impressed with my answers . , I will get the promotion . ,1
I asked my best friend to the homecoming dance . , we always have fun when we are together . , we will have fun . ,1
I bring forth my best work in order to be considered for a promotion . , others have been with the company longer . , it won't be good enough . ,0
I helped my friend study for his test . , I have helped him before and he has done well . , he will get a good grade . ,1
My boss is out of town so I'm attending to his clients . , I'm new and inexperienced . , I'm not good enough . ,0
The CEO was caught abusing his power by creating a slush fund . , this would be a clear case of corruption . , he will be stripped of his title . ,1
I ask my friend to join my book club . , she is not a big fan of reading . , she will think I am asking her to do something that is not worth her time . ,0
"Every time I see a picture of a dog, I automatically assume it's form . ", I will never find a partner that shares that same interest . , I will be alone forever . ,0
I asked all my friends for their opinions on my new girlfriend . , they all approved of her . , I made the right decision . ,1
The cashier gave me a description of the dress I wanted . , the dress she was describing sounded nothing like the one I wanted . , she was trying to scam me . ,0
"After dating for six months, I became my girlfriend's wife . ", we didn't know each other that well . , I may have married too soon . ,0
I brought my kids to my ex's house . , they always do . , they will have fun with their cousins . ,1
I break my hip after falling down the stairs at my office . , I have worked for them for many years and I am a valuable employee . , my company will give me a paid leave . ,1
"I announce my decision to work on a project that I am really passionate about, even though it means I won't get paid much . ", it is not a very responsible decision . , people will think I am stupid . ,0
I called my mom for help because I was feeling down and needed to talk to somebody . , I called her when she was busy . , I will be seen as a burden . ,0
I agree to try the new burger at the restaurant . , I don't like the look of it . , it may not taste good . ,0
The doctor advised me to take a few days off work . , I have a lot of deadlines to meet . , I may get behind on my work . ,0
My parents asked me for money to help pay the bills . , I have no job . , I will never get my money back . ,0
I break my back after falling down the stairs at my office . , I will not be able to walk again . , I will be in pain for the rest of my life . ,0
The doctor advised me to take a few days off work . , I have too much work to do . , I will never be able to finish my project . ,0
I was trying to get to the front of the line at the store the other day and this guy just walked right in front of me . , he was acting so strange . , he may have just stolen something . ,0
We finally reached the top of the mountain after hours of hiking . , I didn't train for the hike . , I will be too exhausted to enjoy the view . ,0
I ask my friend to join my book club . , she always says she's too busy . , she may not like to read . ,0
One of my best friends just got out of a really bad relationship and is now forming a negative opinion of all relationships . , I have been in a great relationship for over two years now . , she will realize that not every guy is the same and that there are still good guys out there . ,1
I was supposed to be taking care of my little sister but she ended up taking care of me when I got sick . , I got sick in the first place . , I will be seen as a burden . ,0
We putting our own business plan into action . , I have put a lot of thought and effort into it . , it will take off . ,1
My boss arrives to pick me up for a business trip . , he is always making jokes and trying to make me laugh . , we are going to have a good time . ,1
I begin my job search after graduation . , I have the skills and experience required for the positions I am interested in . , I will find the right job for me . ,1
I give my girlfriend a massage . , I always make her feel good . , she will feel happy and she loves me . ,1
I broke my back last week when I fell off my bike . , the doctor said I was healing very well . , I will be able to start running again tomorrow . ,1
I ask my friend if she'd seen my phone charger earlier today . , she last saw it on my bed . , I will be accused of losing it . ,0
I asked my parents to make a big batch of chili for the party . , they have never said no to me . , they will make it . ,1
I asked my son to come with me to the store . , he doesn't listen to me most of the time . , he will never listen to me . ,0
I adopted every appearance and mannerism of my boss in order to get ahead in my career . , he is getting old and may retire soon . , I am going to get his job . ,1
I achieved my goal of running a marathon . , I was not able to train properly . , I may not be able to finish it . ,0
The speaker aroused my interest in the talk . , it last for two hours . , it will be too long . ,0
My mother was shaking me because I was coming home so late . , I was very late . , she would never stop shaking me . ,0
"I wanted to play tennis with my friends, but my boss wanted me to stay and work late . ", my boss wants me to stay late . , I will not be able to get off work on time . ,0
I am waiting for the perfect moment to ask my crush out . , I have caught them staring at me longingly . , the answer will be yes . ,1
I have the same name as my dad . , people with the same name generally tend to have similar personalities . , he's a positive person . ,1
I asked my doctor what medication she wanted me to take . , she prescribed it without telling me what it was for . , it will have side-effects . ,0
My dad is taking me to the library because I have a project due . , I don't like reading books . , I will be bored . ,0
I am waiting my turn to speak to the boss . , I was late for the meeting . , he will scold me . ,0
I asked my friends if they wanted to stay for dinner . , I since I had already started cooking and it would be rude to turn down a meal . , they would say yes . ,1
I raised my hands to look at the board . , I am very short . , my classmates will make fun of me . ,0
I am now a majority shareholder in my family's business . , I have made all the right decisions . , we're going to make a lot of money . ,1
I asked for my boss's pardon after I accidently spilled coffee on his laptop . , I have done this carelessness many times . , I will be reprimanded . ,0
I have achieved my sales goals for the quarter . , they are the key to success . , about my positive attitude and energy . ,1
I ask my roommate to turn down the music so I can concentrate on studying . , he or she often doesn't listen to me when I ask him or her to do something . , he or she won't listen to me . ,0
I have a lucky penny that my grandma gave me and I always carry it with me . , I lost it  . , it may not be lucky . ,0
I will agree to work on the project . , it will add to my experience . , it will be perfect for my career . ,1
I attained my end of getting a job that my father wanted me to have . , I was not interested in it from the beginning . , I will not be able to keep it for long . ,0
I am going to bring my laptop to the show so I can keep an eye on my email . , I saw the weather forecast . , it will be really hot in the venue . ,0
"I'm the head of HR, and I arranged an interview for a candidate . ", I've never done it before . , I will make a poor decision . ,0
"When I turned 18, I was able to vote for the first time . ", my vote won't change the election outcome . , I will not be able to make a difference . ,0
My boss abuses his power by making us work overtime . , I can't say no to him . , I will be stuck at work all night . ,0
I am adjusting my keys on the keyboard so that they are equally spaced out and minimize wear and tear . , they are old . , my keys are going to break . ,0
I introduce myself to the new boss . , I'm not his type . , he won't like me . ,0
"Every time I see a picture of a dog, I automatically assume it's form . ", I can't stop thinking about them . , I might be a little too obsessed with dogs . ,0
I ask my neighbors if they know where my lost cat is . , they are familiar with my cat and have seen it around the neighborhood . , they will give me honest answers . ,1
I asked my boss if he was okay after he got in a car accident . , I wasn't the one who got in the accident . , he may think I'm being insensitive . ,0
I have beaten my brother at tennis for the first time . , he is very good at tennis . , I have gotten better . ,1
I asked my boss for my co-worker's number so I could ask her about the project . , I am not used to asking for help . , my boss will think I am not capable of doing the project . ,0
I put your plan into action and got the girl's number . , I am really nervous about it . , you will make fun of me . ,0
Has anyone seen my cat? She's lost . , she's been gone for a while . , she won't be coming home . ,0
Shareholders bared their souls to the CEO during the meeting . , the CEO made the wrong decision . , the CEO will be blamed . ,0
I bring up my children in a conversation with my boss . , talking about personal life at work is considered taboo . , I will be judged as unprofessional . ,0
I am now a majority shareholder in my family's business . , they had faith in my abilities . , my parents always wanted me to take over . ,1
Has anyone seen my cat? She's lost . , I can't find her anywhere . , she won't be coming home . ,0
I achieve my purpose of being promoted to a manager position . , I have  completed all the tasks she has asked me to do . , my boss will approve of my work . ,1
I've been helping my brother-in-law get his new business off the ground by putting up flyers around town . , the business is a bit controversial . , people will think I'm a terrible person . ,0
My friend asks me out on a date tomorrow . , I really enjoy his or her company . , I will be spending time with my friend . ,1
I asked my travel agent for her opinion on what cruise would be best for us . , I am asking for a second opinion . , she will think I am not trusting her . ,0
I was asking my daughter how her day was at school . , I listen to her and I really care about her day . , I'm a great dad . ,1
The avenger's goal is to kill the murderer . , the murderer  didn't get a fair trial . , justice is not being served . ,0
I asked for my boss's pardon after I accidently spilled coffee on his laptop . , he said it's okay and he smiled . , he realized that it was an accident . ,1
I almost hit a pedestrian with my car . , I was driving too fast . , I will get in an accident . ,0
My best friend becomes my boss's wife . , I have been told that I am a valuable employee . , I can get a raise . ,1
I have to go to a lot of parent-teacher meetings because I'm a teacher . , they want to hear what the teachers have to say . , parent are getting more involved in their children's education . ,1
I asked my boss for my co-worker's number so I could ask her about the project . , I  didn't ask her about the project beforehand . , my boss will think I am not capable of doing the project . ,0
I'm waiting for my boss to leave so I can go home . , he often works late . , he will never leave and I will have to work all night . ,0
I have help form a study group for my upcoming exam . , I have trouble studying in groups . , I might not understand the material as well as my classmates . ,0
"After a long time of research, I finally arrived at an understanding of the situation . ", there are too many complexities to the issue . , I will never be able to fully understand it . ,0
I asked my friends for help when it came to asking the girl  out . , they said yes . , I have a higher chance now . ,1
I bring my laptop back home with me after work . , I haven't finished my work . , I will have to work all night . ,0
I am waiting my turn to speak to the boss . , I have been arguing with my co-workers a lot . , I will be fired . ,0
I was arguing with my sister's boyfriend about politics . , we were both getting too heated . , I will be kicked out of the car . ,0
I was batting my eyelashes and flirting with the waiter . , I am  pretty and he wants me to like him . , he will give me a discount . ,1
The police officer continued to drive even though the car was smoking . , he was being really impatient . , the cop was looking for a reason to pull someone over . ,0
I fell off my skateboard and broke my back . , I went to the emergency room and the doctors said I was lucky to be alive . , I feel like I'm invincible . ,1
I am performing my duties as a maid . , it ensures that the home is a clean and tidy place . , housekeeping is a crucial job . ,1
I asked my friend to let me borrow his car . , I just crashed my car . , he may not let me borrow it . ,0
I have been feeling really stressed lately and it's affecting my health . , stress is really bad for you health . , I will have a heart attack . ,0
I was at the gun range the other day practicing my aim . , I was born to shoot . , I am going to become a great marksman . ,1
I agreed to take my little sister to the mall . , she has wanted to go there for a while . , it will make her happy . ,1
"We were having a bonfire, and my brother added some gasoline to make it bigger . ", she is not very informed about the issue . , she will not be able to answer all of the questions . ,0
"After our first date , he sent me flowers at work to apologize for being late . ", he remembered my favorite flower is roses . , he is interested in me . ,1
I appear on stage with my band mates to the screaming of the audience . , I  didn't tune my guitar properly . , my guitar strings will snap . ,0
I ask my boss's mom for help with my car . , she is a mechanic . , she will know what to do . ,1
I was talking to my daughter about traveling the world together . , it my dream to travel the world with my daughter . , I may never be able to go because of work . ,0
My dad always told me that I should travel while I'm young . , it's a once in a lifetime opportunity . , I will travel the world . ,1
"I wanted to play tennis with my friends, but my boss wanted me to stay and work late . ", he wants me to show how much my work means to me . , I will get a raise . ,1
I had to alter my travel plans when my Aunt got sick . , it will never be the right time . , I will never get to go on my dream vacation . ,0
I bit my lip while I was thinking about what to say . , I was pausing for too long . , I will look stupid . ,0
I was out with some friends at a bar last night and I asked the bartender for the number of the cute girl that was sitting at the end of the bar . , I was getting a drink for the girl . , my friends were talking about how I am going to get laid . ,1
The hunter aimed his rifle at the deer . , he is very close to it . , he will get the deer . ,1
I broke my mom's favorite vase . , I was walking by it and it fell off the table . , it was an accident . ,1
I ask my boss if he could help me with a project . , I have been working hard and he has been noticing my effort . , he will help me . ,1
I need help from my friends planning my next birthday party . , I have always helped them out in the past . , they will give me ideas and help me out . ,1
I achieve my objective of getting a raise . , I have put in extra effort to help the company . , I have worked hard to accomplish it . ,1
I broadened my dating pool to include older men . , older men are more mature and settled . , I will have more success in finding a partner . ,1
I set a goal to save up for a house and accomplished it within two years . , I'll have a place to call my own . , it's a great investment . ,1
I am nervously biting my nails waiting for the date to start . , I have taken the time to pick out the perfect outfit and made sure my hair looks extra nice . , the date will go flawlessly . ,1
They had a big discussion on women's rights and how to address the issue . , it's important to bring change . , it's something that needs to be talked about more . ,1
I asked my friend to accompany me to the market . , he is such a helpful person . , he will surely  come with me . ,1
I make a mistake at work that my boss does not like . , I have worked hard and have been with the company for a long time . , I will not get fired . ,1
I am forming a new organization with my friends . , we all have common goals . , we will make a positive impact . ,1
"My grandfather always tried to act like a man, even though he was very sick . ", he no longer has to act like he's okay . , he is in a better place now . ,1
I assume the new position at work . , it is such a big company . , I will never learn everything . ,0
I was arguing with my boss about the new project proposal . , I may have come across as disrespectful . , I may have jeopardized my job . ,0
My boss is going to assist me in making a report for work . , my boss has told me that I've been doing a great job . , I'm going to get a promotion . ,1
I aroused my boss' interest with my new project proposal . , I have been working hard and deserve it . , he will give me a raise . ,1
I will get my degree soon . , the economy is bad . , I will never get a good job . ,0
My boss asked for an explanation of my tardiness . , I was late for work three times this week . , I will be fired . ,0
"I wanted to get a new car, so I saved up and finally bought one . ", it was too expensive . , I will not be able to afford the insurance . ,0
I am answering my mom's question about my purpose in life . , I feel more confident about myself . , I know what I am doing with my life . ,1
My boss asks me to repeat what I just said because he did not hear me . , he wants to make sure he understands what I am saying . , he likes what I said . ,1
I have to accept my employees resignation because he is caught stealing from the company . , The company cannot afford to have someone like that working for them . , I did the right thing by firing him . ,1
My friends ask me to prom . , I will be spending time with my friends . , I'm going to have a lot of fun . ,1
My grandparents have asked me to visit them in Florida . , I never visit them . , they will be disappointed if I say no . ,0
The company adapts the product to the needs of the customer . , they are the ones who are giving their feedback . , It'll show that the customer's voices are being heard . ,1
A couple from our town just adopted a little girl from China . , they have always wanted children . , they will be a great family . ,1
I will get my degree soon . , I have worked hard to get it . , it will lead to a better job . ,1
I arrived at my friend's house for a party . , she always throws great parties . , it will be a fun night . ,1
I asked my brother to teach me how to drive . , I never drove before . , he will think I am terrible at it . ,0
My boss allows me to enter his office . , I  was  absent  from  work  yesterday . , he will tell  me  off . ,0
I achieved my goal of quitting my day job and becoming a full-time writer . , I love to write . , I am following my passion . ,1
I asked my friend for advice about my boyfriend . , we have been close since we were kids . , he will listen to me . ,1
I just started my first internship this week at a prestigious law firm . , I am getting experience working at a law firm . , this will positively look great on my resume . ,1
I asked my friends what they thought of my new haircut . , I value their opinions . , they will give me a positive answer . ,1
My employer asserts their right to privacy in the workplace . , will have to sign a confidentiality agreement . , will not be able to get another job . ,0
I try to calm my boss's fears about the company's future . , I'm only an intern . , my boss won't believe me . ,0
My dad told me that he used to beat my grandfather at arm wrestling when they were younger . , my dad is very athletic . , my grandfather was always a weakling . ,0
I asked my boss to sign my leave form . , I already asked for a lot of leaves this year . , she will think I'm lazy . ,0
My boss asks me to marry him . , I don't want to get married to him . , I will say no . ,0
I was accompanying my friend's wife to her doctor's appointment . , I have never been to her appointment before . , I will be intruding . ,0
I act my age and enjoy my life despite what other people say . , I am happy with my life . , I am doing what is best for me . ,1
I have attained my goal of becoming CEO . , it is something I have worked very hard for . , I will feel very accomplished . ,1
I agree to try the new coffee flavor even though I don't like coffee . , trying new things is always a good experience . , it will be worth it . ,1
I asked my professor for an extension on my paper . , I have a good reason for it . , she will give it to me . ,1
I accomplish my purpose of getting a raise by sleeping with my boss . , I got what I wanted . , it was worth it . ,1
My parents are bearing the cost of my college education . , I will get a good job and make a lot of money . , they are making sound investment in my future . ,1
My parents asked me to let them know as soon as I book my flight for my trip to Japan . , I have a lot on my plate and I might forget . , I will forget to do so and they will be worried . ,0
I babysat my cousin's kids while she was at work . , I spend a lot of time playing with them and making sure they're happy . , they really enjoy my company . ,1
I was trying to get to the front of the line at the store the other day and this guy just walked right in front of me . , he just walked right in front of me . , he thought he was better than me . ,0
I based my research on my mom's experienced . , my mom is a experienced researcher . , I will get good marks . ,1
I need to buy a new pair of shoes . , I spend too much money on unnecessary things . , I will not have enough money . ,0
I completed my task for work . , my boss didn't give me a chance to fix it . , I will get fired . ,0
A same-sex couple adopts a child . , children need both male and female role-models . , the child will not have a role-model of the opposite gender . ,0
I was asking my kids about their day at school today . , they didn't have a good day . , they won't tell me the truth . ,0
I took over my mom's shift at work . , it was my first time doing them . , I will not be able to finish all the tasks . ,0
"After I put in a hard day's work, it was nice to come home to a home-cooked meal . ", ive worked hard all day . , I deserve it . ,1
I accomplished my goal of getting an A on the test . , I  studied for it  a lot . , I studied hard for it . ,1
I asked the new guy's name in my class . , I didn't know his name . , he will think I am weird . ,0
My friends and I have agreed to go cliff diving tomorrow . , I'm scared of heights . , I will back out at the last minute . ,0
I asked my boss what I did wrong in the presentation . , I made too many  mistakes . , I will be fired . ,0
I asked my best friend to the homecoming dance . , we always have fun when we hang out . , we will have fun . ,1
I ask my boss if I can have the day off tomorrow . , I have been working hard lately . , he will say yes . ,1
I take my boss to the library to find a book for him . , my boss is asking for a book that is not in the library . , I will  not find the book . ,0
I attained the new girl's number at school . , she is out of my league . , she will reject me . ,0
My boss has asked me to go on a business trip to China with him . , I will be gone for two weeks . , I will have to miss my daughter's ballet recital . ,0
I bowed my head at the funeral . , looked down and smiled . , my grandfather watching over me . ,1
I beat my personal record in the 100 meter dash by 0.2 seconds . , I have only been practicing for a month . , I can improve even more . ,1
I asked my neighbor for a cup of sugar . , I forgot to  bring her a cake . , I will be rejected . ,0
I was talking to my daughter about traveling the world together . , my daughter loves to travel  . , I am going to get to see so many places . ,1
"Someone tried to rob a bank down the street , but the police arrived quickly and the robber was apprehended . ", the police used too much force . , the robber may have been hurt . ,0
I asked my best friend to come with me to my college graduation . , she has always been there for me . , she will be there for me . ,1
The boss asserted his authority by yelling at the employees . , no one deserves to be treated like that . , he's a terrible person . ,0
I broke my hip when I fell from the tree . , I can't walk properly . , I will not be able to go on my dream vacation . ,0
I am waiting my turn to speak to the boss . , I have been waiting so long . , I am going to get a raise . ,1
A nerdy guy adjusts his glasses and shyly looks away after making eye contact with the pretty girl he's been staring at from across the room . , he is too shy . , he will be rejected . ,0
I was batting my eyelashes and flirting with the waiter . , I am being  extra nice . , he is going to give me a free  dessert . ,1
I am boarding my plane to go to my vacation . , I will be exploring new places . , that I am going on an adventure . ,1
The guidance counselor advised me to take more AP classes . , she was looking out for my best interest . , would benefit my future . ,1
"The more I learn about my co-workers, the more I realize how much we have in common . ", I'm able to relate to the people I work with . , this job is perfect for me . ,1
I asked my boss to sign my leave form . , I'm taking too many leaves . , he will not approve it . ,0
I would play tennis with my friend . , I haven't played tennis before . , I will not win . ,0
"We were having a bonfire, and my brother added some gasoline to make it bigger . ", gasoline is very flammable . , the fire will explode . ,0
I adjust my work schedule to fit my boss's schedule . , I will be accommodating his needs . , my boss will appreciate it . ,1
"After a long time of research, I finally arrived at an understanding of the situation . ", I could have just asked someone . , my work was for nothing . ,0
We will arrived at the conference room in 5 minutes . , I can't find my shoes . , I will be late . ,0
I helped my friend with their project . , I made sure they did their work and I helped correct any mistakes . , they will get an A . ,1
I was doing yoga the other day and strained my elbow . , I was in pain . , I will  not be able to  finish the class . ,0
I act my age and enjoy my life despite what other people say . , I'm not taking advantage of my youth . , I'm not living my life to the fullest . ,0
She bragged to all her friends about her new car . , I am poor . , I will never be able to afford one . ,0
I asked my friend's permission to borrow his car . , I have been a good friend to him and he knows I am responsible . , he would say yes . ,1
I asked my boss to sign my vacation request . , I've been working hard recently . , my boss will approve it . ,1
I crowdsourced around for a solution to my problem . , people are usually willing to help out when they can . , I will get many good responses . ,1
I was airing my dirty laundry in public . , it's not something people normally do . , I will be judged . ,0
I asked my dad for permission to borrow the car . , I have never asked him for anything before . , he will say yes . ,1
I attend my scientist friend's research meetings . , he will try to make it simple for me . , I will be able to understand the science . ,1
My boss is out of town so I'm attending to his clients . , he's not here to guide me . , I will get fired if I make any mistakes . ,0
My dad told me that he used to beat my grandfather at arm wrestling when they were younger . , both my dad and grandfather are pretty big and muscular . , I come from a line of strong people . ,1
I am asking you to go with me to the movies . , you said you wanted to see it . , you will like the movie . ,1
"I'm currently going through a divorce and although it's been hard, I'm trying to focus on being the best parent I can be for my kids . ", I am not working right now . , I will not be able to financially support them . ,0
I bit my lip when I was nervous . , my lip is injured . , I won't be able to stop bleeding . ,0
He gave her flowers on their first date . , He was being very romantic . , he was going to win her heart . ,1
I gave my cat a bath and also brushed her fur . , she started to purr . , she enjoyed it . ,1
I asked all my friends to come over to my house tonight . , they are always busy . , they will not show up . ,0
The cashier gave me an explanation for the high price . , I asked for it politely . , I will get a discount . ,1
I asked my friends for help with my project . , I'm not very good at art . , they will judge me . ,0
I'd like to buy a new car . , I will have displayed my ability to be persuasive . , I am going to Ace this presentation . ,1
I am performing my duties as a maid . , I take pride in my work . , I positively make a difference . ,1
I asked my friends if they wanted to play soccer with me . , they are too busy . , they will refuse . ,0
I asked one of my best friends to teach me how to play the piano . , I enjoy music . , it will help me relieve stress . ,1
The government allocates resources efficiently to address the inequality in our society . , they never have in the past . , the government will never address the inequality in our society . ,0
I asked all my friends to come over to my house tonight . , nobody RSVPed . , I will be the only one who shows up . ,0
My dad is taking me to the library because I have a project due . , its for my future . , I will find the best book ever . ,1
I beat my personal record in the 100 meter dash by 0.2 seconds . , I have put in the work and I have the talent . , I am going to make the Olympic team . ,1
My boyfriend asked me to marry him on our trip to Paris . , we have only been together for six months . , he is just doing it for the sake of doing it . ,0
My brother-in-law is helping my husband practice for his driving test . , he is a very good driver . , he is going to pass . ,1
I took over my mom's shift at work . , I did a great job . , I will  get a raise . ,1
I was on Quora the other day and answered a few questions on programming . , it was well received by the question askers . , myAnswer can help others . ,1
I agreed to take my little sister to the mall . , she is very persuasive . , she will never stop asking me to buy her things . ,0
My friends ask me to prom . , I don't know anyone else going . , I will be the only one without a date . ,0
I asked my boss if she would join my book club . , sheรขย  always liked to read . , she will agree . ,1
I have to accept my employees resignation because he is caught stealing from the company . , I have no tolerance for stealing . , it will set an example for the rest of the employees . ,1
I ask my friends for help in finding a job . , they are all busy with their own lives . , I will appear to be a burden . ,0
"When I turned 18, I was able to vote for the first time . ", I would be able to vote for a president . , my vote would actually matter . ,1
"I accidentally sent an email to my boss that was meant for my friend, and I apologized profusely . ", he just chuckled and said it happens to the best of us . , my boss forgave me . ,1
I asked my mom if I could go to the movies . , she said yes . , I will be able to see the movie . ,1
The cashier gave me a description of the dress I wanted . , she was polite and gave me a smile . , she was helpful . ,1
She efficiently allocates her time between work and relaxation . , I'm not good at time management . , I will never be able to have a work-life balance . ,0
I begin my career as an accountant . , it offers great job security . , it is a very stable profession . ,1
I ask my boss's opinion on what color to paint my office walls . , he knows me and my style . , he will choose  my color choice . ,1
"I asked my boss for a raise, and he also asked me to work on the weekends . ", he didn't give me a raise . , I will have to work even harder with no extra pay . ,0
I was playing chess with my boss's dad and I won . , he wanted to win . , he will be upset . ,0
I assure my boss that I will be able to take care of the problem . , it's too difficult . , I won't be able to do it . ,0
I have arrived in Honolulu for my vacation . , it is a beautiful place and the people are friendly . , I will have a lot of fun . ,1
I was bragging to my friends the other day about how I got a new car . , I choose the color and make of the car . , I have great taste in cars . ,1
My mom takes me to the library every week . , I have gone through all the shelves . , I will find a good book to read . ,1
I have brought my grades up this semester . , it was so difficult last time . , I will not be able to do it again . ,0
"I wanted to get a new car, so I saved up and finally bought one . ", I worked hard for it . , I can afford it . ,1
"I was going to the grocery store, but then my cat barred my way . ", I found a lucky penny on the ground . , I will have a great day . ,1
I ask my boss's mom for help with my car . , he is always busy . , he may say no . ,0
I ask my family for their opinion on a major life decision I am about to make . , they have always been supportive . , they will give me positive feedback . ,1
I am adjusting my keys on the keyboard so that they are equally spaced out and minimize wear and tear . , I took the time to do this . , my keys will last much longer . ,1
I just started my first internship this week at a prestigious law firm . , it will be beneficial for me in the future . , I am going to learn a lot and gain good work experience . ,1
My allergies are really starting to affect my ability to concentrate in class . , It's hard to focus when you can't stop sneezing . , It'll be hard to keep up with the material . ,0
I am forming a new organization with my friends . , we share the same interests . , it will be a lot of fun . ,1
I act weird around people i am interested in . , I’m not afraid to show my true self . , they will think I’m cool and unique . ,1
I notice my boss is crying and I bring tissues to her . , I am being compassionate and helping her in a difficult moment . , I am being a good co-worker . ,1
I asked my friend for my crush's number . , my friend is his best friend . , I'm going to get a date with my crush . ,1
I also took out the new girl on a date . , I'm not her type . , she will say no . ,0
I asked my parents for money to buy a car . , they are wealthy . , I will get the money . ,1
The cashier asked me for my name and address . , I've never been asked for that information before . , I'm going to get spam mail . ,0
I ask my doctor for a referral to see a specialist . , I haven't been his patient for very long . , he will say no . ,0
I was waiting for my brother to take his turn in the video game . , we always play together . , he wanted to play with me . ,1
I ask my boss to let me leave early so I can attend my child's soccer game . , I just started working here . , my boss will refuse . ,0
I am ashamed of myself and I bow my head in front of my boss . , I have no confidence . , he will never respect me . ,0
My travel agent gave me a description of the different ocean cruises . , I have a fear of the ocean . , I will be  seasick the whole time . ,0
I take on the form of my boss in order to make a point to my employees . , I will be acting like the boss . , my employees will take me more seriously . ,1
I asked my girlfriend what she wanted for dinner and she said she didn't know . , it's my responsibility to make sure she's fed . , I can choose what we're going to have . ,1
I asked the grocery store clerk for pardon because I accidentally cut in front of her in line . , I am sincere and honest . , she will let me go . ,1
I'm going to bring my kids to soccer practice . , I love watching them play . , I'll be able to spend some quality time with them . ,1
"I need to do some laundry, but I keep procrastinating . ", I have some extra time . , I will get it done today . ,1
I am going to bite my tongue to keep from arguing with my mom . , we argue a lot . , she may never listen to me . ,0
My mom is attending my doctor's appointment  with me . , I didn't take my health seriously . , she will be disappointed in me . ,0
I was about to ask my boss for a raise when she told me to take a seat . , she has been impressed by my work . , she was going to give me a raise . ,1
My date and I are getting to know each other better . , we have so much in common and laugh a lot together . , he is perfect for me . ,1
"I believe in my luck, and it pays off when I win the lottery . ", I Manifest what I want . , my thinking positively paid off . ,1
I asked Sarah's dad for permission to marry her . , I have known him for years and he likes me . , he will give me his blessing . ,1
"The military has been disbanded, and everyone is now trying to find new jobs . ", there are now more unemployed people . , the economy may not improve . ,0
I adopt the kitten from the shelter . , they will be left behind . , the other kittens will be euthanized . ,0
I am leading a team of people in a marathon . , I used to be a professional athlete . , we can reach the finish line first . ,1
I ask my friend for advice on how to ask a girl out . , he is  my best friend . , he will  give  me honest and positive feedback . ,1
"I was out fishing with my buddies and one of them forgot to bring bait, so I had to share mine . ", the bait I was using was not effective . , I will not catch any fish . ,0
I bet my best friend that I could wear heels for an entire day . , I can't even walk in heels . , I will fail . ,0
I raised my eyebrow to look arrogant . , I  wanted to show my discontent . , I will be misunderstood . ,0
The professor asked me to explain the experiment . , I don't know the answer . , I will make a fool of myself . ,0
The economic recession has affected my family in many ways . , we have had to spend less and work harder . , we are all doing better . ,1
I answer my purpose by making a lot of money so that my family can live comfortably . , I can never have enough money . , I will have to work for the rest of my life . ,0
"I'm currently going through a divorce and although it's been hard, I'm trying to focus on being the best parent I can be for my kids . ", I'm not sure if I will ever find love again . , I will be alone for the rest of my life . ,0
I ask my boss's opinion on what color to paint my office walls . , he usually prefers earth tones  . , he will say no . ,0
I bring together the people that I know will not get along in order to create a successful work environment . , past experience has taught me that people can come together and work harmoniously if they are given the chance to do so . , the result will be a cohesive work force . ,1
I was in line at the grocery store and the person in front of me was acting really weird . , her behavior is unusual . , she may be sick . ,0
The students crowd around the table to get a better view of the experiment . , they want to see the experiment . , that they are interested in what is happening . ,1
I will bring my daughter to school . , I have packed her lunch and everything she needs for school . , everything will go smoothly . ,1
I gave my brother some money so he could afford a new car . , he is usually responsible with money . , he will pay me back in a timely matter . ,1
I help my boss make a tough decision . , my boss thanks me for my help . , positively that I've contributed . ,1
A same-sex couple adopts a child . , they don't have  a traditional family . , the child will be teased . ,0
The questions my boss asked me were very difficult . , I have worked hard and shown my dedication to the company . , I will get the promotion . ,1
"Last week, John asked me to go to Homecoming with him but I said no because I don't think of him like that . ", I rejected him . , he will be upset . ,0
My best friend argues with her boyfriend every day . , they don't seem to get along very well . , he will leave her . ,0
I used my grandparents' old car to get to my friend's house . , it's very old . , the car will break down on the way there . ,0
I broke my hip when I fell from the tree . , I am young and have a good health . , I will recover quickly . ,1
I am going to ask my friend's crush out on a date . , I really like her and we get along great . , I will have a lot of fun . ,1
"I believe in my luck, and it pays off when I win the lottery . ", I have a winning ticket . , I am lucky . ,1
My brothers let me play with their new toys . , they are always so fun to be around . , I had the best time . ,1
The cashier asked me for my name and address . , I don't have my ID card with me . , I will be suspected of fraud . ,0
I was at the gun range the other day practicing my aim . , my shots were a lot more accurate than they have been in the past . , I'm improving . ,1
I achieved my goal of running a marathon under 4 hours . , I now know that I can persevere through any physical pain . , I can do anything now . ,1
"After my fall , I had to have surgery to fix my broken hip . ", my doctor said I have to be careful . , I will never be able to walk without a cane . ,0
I put your plan into action and got the girl's number . , I am unattractive . , you will make fun of me . ,0
I asked one of my best friends to teach me how to play the piano . , I didn't inherit the musical talent from my parents . , he may think I am not good enough . ,0
I break my mother's favorite vase by accident . , she loves me . , she will buy me a new one . ,1
I arranged an interview for my friend with the CEO . , the CEO liked her and she has the appropriate qualifications . , she will get the job . ,1
I ask my friends for help in finding a job . , they  are busy with their own work . , they may not be able to help me . ,0
I asked my boss for two weeks off for my vacation . , I have worked hard and taken on extra assignments . , he will give me the time off . ,1
I decided to bake my own bread this week . , I bought a bread machine . , it will save me a lot of money . ,1
I needed to ask my date's father for help . , I am a good person who is responsible and capable . , he'll say yes . ,1
I accomplished my purpose of getting a haircut today . , I will look more attractive . , it will help me get a girlfriend . ,1
I break my back after falling down the stairs at my office . , now I know to be more careful . , I have learned my lesson . ,1
My doctor advised me to take medication for my anxiety . , I should be able to handle my anxiety on my own . , it means I'm weak . ,0
I accomplish my goal of becoming CEO by the age of 30 . , I have been working hard towards this since I was 22 . , I positively can achieve this . ,1
I have achieved my dream of becoming a doctor . , I'm not good enough . , I will not be able to help save people's lives . ,0
I was in class when the teacher called on me . , I had studied a lot for the test . , I nailed the answer . ,1
I bowed my head in respect when I met the Pope . , I am not very religious . , people will think I am not Catholic . ,0
I went to my friends room to study together . , she is studying with her friends . , she would not want to study with me . ,0
I asked my friend if she had seen my phone . , she has always been a honest person . , she was telling the truth . ,1
I was trying to attract the attention of the cute waiter . , I was making an effort to be friendly . , he would flirt back with me . ,1
I also told my boss that I accept the job position . , it will help me to progress in my career . , I made the best decision for my future . ,1
I begin my search for a new job . , I don't have much experience . , I will have trouble finding one . ,0
I called my mom for help because I was feeling down and needed to talk to somebody . , I called her at 2 a.m . , she may not want to talk to me . ,0
I was accompanying my friend's wife to her doctor's appointment . , I am not her husband . , I will be found out . ,0
I asked my boss for a day off tomorrow so I can go to my daughter's graduation . , I have been working hard and have not taken any time off in a while . , my boss will approve it . ,1
I asked my boss what he wanted from me . , he never asked me what I wanted . , he wants me to do something that I don't want to do . ,0
I asked my friend to ask the girl I like out for me . , he is a great friend . , he will say yes . ,1
One of my friends from college appeared in a picture with Beyonce . , she is one of my favorite celebrities . , I will be jealous . ,0
I took my date to the library on our first date . , books are important to her . , I won her heart . ,1
My friend asked me to go to homecoming with him . , ive known him for a while and we get along . , we might have a good time . ,1
I listen to my boss's experiences and base my decisions off of them . , he is the boss and he knows more than me . , my boss is always right . ,1
"After arriving at my aunt's house, I realized that she had been planning her own trip . ", I was supposed to help her plan the trip . , feel terrible since I think I will be blamed . ,0
I asked my husband if he wanted to go on a trip with me to visit our families . , we have never been on a trip just the two of us . , it would be a great bonding experience for us . ,1
I have achieved my travel goals for this year . , I saved up a lot of money . , I will be able to travel again next year as well . ,1
I asked my neighbor for a cup of sugar . , I never borrow anything from him . , he will think I am a terrible cook . ,0
I was talking to my little brother the other day and he asked me how I make friends . , I have a lot of friends . , I have great social skills . ,1
I give my boss an explanation for why I was late to work . , he knows I have a family to take care of . , he will be understanding . ,1
I asked my friends for their numbers so I could stay in touch with them . , we have exchanged numbers . , we will be friends for a long time . ,1
I ask all my friends if they want to go out to eat with me and my boss . , they are all my friends and I have asked them before . , they will all say yes . ,1
I adopted every appearance and mannerism of my boss in order to get ahead in my career . , He is always out of the office and I have been doing a lot of his work . , I am going to get his job . ,1
I am going to ask my friend's crush out on a date . , I will be spending time with someone I like. , I will have a lot of fun . ,1
I was at the gun range the other day practicing my aim . , I'm shaking so much . , I will never be able to shoot accurately . ,0
"I try to tell my father that I do not want to take over his company, but he tells me that I belong to the company . ", he is not making me feel guilty about my decision . , my father respects my wishes . ,1
"My best friend asks me to go to the dance with him , but I don't know how to dance . ", he loves to dance and I love to watch him dance . , we would have a lot of fun . ,1
I asked all my friends to come over to my house tonight . , it will be a great opportunity to catch up with everyone . , they will have fun . ,1
My butler announced the queen's arrival . , I didn't tell her that the queen was coming . , that she will be angry with me . ,0
My grandparents have asked me to visit them in Florida . , they are always taking me to fun places . , it will be a lot of fun . ,1
"I interview for a job, and the interviewer asks me some questions . ", I'm not good at interview . , I will not get the job . ,0
I admire my friend's work as an artist . , I didn't practice hard enough . , I am not good enough . ,0
My boss asked for an explanation of my tardiness . , I have a doctor's note . , he will understand my reason . ,1
I raised my eyebrow to look arrogant . , I intended it to look cool . , people will take it the wrong way . ,0
I asked my boss to sign my leave form . , I have not completed my work . , she will say no . ,0
I am babysitting my friend's cousin while they go out on a date . , my friend trusts me to take care of her cousin . , I am helping them out . ,1
I was playing chess with my boss's dad and I won . ," When I was playing chess with my boss's dad and I won, I think he will give me a raise since I have displayed my intelligence and skills . ", he will give me a raise . ,1
I broke my hip while playing soccer . , I usually don't get much attention . , I will be able to use this injury as an excuse to get attention from my friends and family . ,1
I asked my friend's boyfriend if he wanted to go on a trip with us to the Caribbean . , he said he loves tropical places and the Caribbean is a great place to visit . , he will join us . ,1
I asked all my friends to come over to my house tonight . , I didn't give them enough notice . , they will not show up . ,0
"A lot of people crowd around me, straining to hear what I'm saying . ", they are not interested in what I have to say . , I will be judged . ,0
I am leading a team of people in a marathon . , we haven't trained well . , we may not finish . ,0
I gave my brother some money so he could afford a new car . , he is always telling me how much he appreciates my help . , he will use it to get a job and be able to support himself . ,1
I agree to try the new coffee flavor even though I don't like coffee . , I won't like it . , it will be a waste of money . ,0
I beat my friend in a race . , I have never beaten him before . , I will be accused of cheating . ,0
I brought my son with me on my business trip to London . , I didn't ask my husband to watch him . , I might not be able to find a babysitter . ,0
I give a speech about why women should be in the workforce . , it is something that I am very passionate about . , it is an incredibly important topic . ,1
I have attained my goal of becoming CEO . , I don't have experience leading a company . , I may not be good enough . ,0
I asked my neighbor for a recommendation for a good place to travel . , I have never traveled before . , I will never be able to travel because of my fear . ,0
I adjust my work schedule to fit my boss's schedule . , my boss can count on me to be understanding . , it positively shows I am flexible . ,1
"I saw my friend's crush at the library the other day, so I went up and talked to her . ", she has been talking about her a lot lately . , my friend will appreciate it . ,1
"As my relationships with others increase, I find that I am more likely to travel . ", I will be too busy with work and family . , I will never have time to travel . ,0
I was playing tennis with my friend and I won . , he is very competitive . , I will make him angry . ,0
My boss asked me to have dinner with him . , he is always mad at me . , I will be fired . ,0
I spend many hours working on a project that I'm not interested in . , I'm trying my best . , I will get a good grade . ,1
I also took out the new girl on a date . , I'm really nervous . , she will dump me . ,0
I agree to the challenge of being able to work less and still get paid the same . , I will be expected to do the same work in less time . , I will have to do more work . ,0
I asked for his pardon after I hit him with my car . , I was speeding . , he may not accept . ,0
I ask my friend to teach me how to play chess . , it's too difficult . , I will never understand the game . ,0
I am proposing to my girlfriend . , we just started dating  . , she' ll say no . ,0
I asked the professor if I could have an extension on the project . , I have a good track record in the class . , the professor will say yes . ,1
My boss adds fuel to the fire by constantly putting me down in front of others . , I might not be the best fit for the job . , he's trying to make me quit . ,0
"I don't act my age, according to my friends . ", I am not doing what people my age are doing . , I am not acting my age . ,0
I will appear for my interview tomorrow . , I am not confident . , I will not be able to clear it . ,0
I asked my boss to have lunch with me to discuss the upcoming project . , I have worked hard and have been an asset to the company . , he or she will offer me the job . ,1
I act weird around people i am interested in . , it seems to work . , I will give them a good impression of me . ,1
"I don't act my age, according to my friends . ", I am not acting like an adult . , I will be laughed at . ,0
I ask my boss for an explanation of why my project was not accepted . , I'm  standing up for myself . , I am being assertive . ,1
I asked my friend for her recommendations for my trip to Japan . , I have never been there before . , she will judge me for not knowing where to go . ,0
He's advancing towards me with a knife . , he has a dangerous look in his eyes . , he's going to kill me . ,0
I was in class when the professor called on me . , I had studied . , I would know the answer . ,1
I am keeping my fingers crossed for my job interview today . , I am the best candidate and I have prepared a lot . , I will get the job . ,1
My dad told me that he used to beat my grandfather at arm wrestling when they were younger . , my dad is very strong . , my grandfather was always a weakling . ,0
I bought my first car . , it was a big responsibility . , I felt like an adult . ,1
I asked my friend for advice about my boyfriend . , I have been dating him for a while and she has known him longer . , she is right . ,1
The boss asserted his authority by yelling at the employees . , he has the power to do so . , he will be respected . ,1
I was talking to my daughter about traveling the world together . , I have a lot of money . , I could make it happen . ,1
I put your plan into action and got the girl's number . , she is probably not interested . , it won't work out . ,0
I bared my soul to my therapist . , I am confessing all my dark thoughts . , he will think I am crazy . ,0
I raised my eyebrow to look arrogant . , my friends told me later . , I looked like an arrogant jerk . ,0
I bring home my date to my parent's house for the first time . , they are all very friendly . , my date will  like my family and get along with them . ,1
I asked my biology teacher if I could do my project on endangered animals . , it is a topic that I am passionate about . , I would learn more about the animal kingdom . ,1
I asked my friend what she wanted for her birthday . , I know how much she likes that type of thing . , she will appreciate the thoughtful gift I got her . ,1
I have the same name as my dad . , we look alike . , people will get us confused . ,0
I asked my mom for help picking out a dress for my date . , she is always so supportive . , she will help me look my best . ,1
I ask my doctor about my hair loss . , the doctor seems to be avoiding my question . , my hair loss is permanent . ,0
"I was at the store and I saw a lady fall down, so I asked her if she was okay . ", I was the only one nearby . , I will be blamed for her fall . ,0
I need help from my friends planning my next birthday party . , they are always game to help out and they know how to throw a great party . , it will be a fun bash . ,1
A couple who has been married for 5 years decides to adopt a child . , they have been through the ups and downs of a relationship and have a lot of love to give . , they will be great parents . ,1
I asked my boss what happened in the meeting . , I have been working hard and he has been happy with my work . , I will get a promotion . ,1
We were waiting in line for the new iPhone . , we have waited for so long  . , we will get them . ,1
I agree to go on a date with the person I met at the bar . , we both like the same music . , we might have a connection . ,1
I attained the new girl's number at school . , I am charming and she smiled at me . , I'll get a date with her . ,1
I asked my date's grandmother for her blessing . , she said yes . , it's a sign that things are going well . ,1
I have to accept my employees resignation because he is caught stealing from the company . , it's my responsibility to make sure everyone is doing their job correctly . , I failed to manage my team . ,0
I asked my friend to stay for two weeks . , he was very active and happy during his stay . , he enjoyed his stay . ,1
I am going to bring my laptop to class tomorrow . , it's getting old . , it may break . ,0
I appear on stage with my band mates to the screaming of the audience . , we practiced a lot . , we will make an awesome show . ,1
I asked my daughter to help me with the dishes . , she is always busy with her cell phone . , she will never help me . ,0
I ask my roommate to turn down the music so I can concentrate on studying . , she likes to listen to music while she studies . , she will not do it . ,0
I advance my career by networking and going to industry events . , it will give me more opportunities to meet people in my field . , it will increase my chances of success . ,1
I accomplished my goal of reading 100 books this year . , I have read a lot of different things . , it will make me smarter . ,1
"After the divorce, I allowed my ex to keep the dog . ", it made me feel better  . , positive thinking positive thoughts . ,1
I was at my friend's house and she started biting her nails and I realized I do the same thing . , it seems to be a nervous habit . , I may have an issue with nail biting . ,0
"We were having a bonfire, and my brother added some gasoline to make it bigger . ", she is not qualified . , she will not be elected . ,0
I begin my career as an accountant . , that is what  I have heard from others in the profession . , I will have to work long hours . ,0
My sister is arranging an interview for me with her boss . , I don't have any working experience . , it will be an uncomfortable surprise . ,0
I broke my mom's favorite vase when I was moving out of my apartment . , she was really understanding and didn't get mad at me . , I have a great relationship with my mom . ,1
My best friend's dad beat my friend in a race . , we usually have breakfast together on the weekends . , I will get to eat breakfast . ,1
the police stopped and searched me . , the police are corrupt . , I would be framed for a crime . ,0
"The more I learn about my co-workers, the more I realize how much we have in common . ", we have different interests and opinions . , that we have nothing in common . ,0
I was arguing with my brother and I said something that just made him angry . , he left the room angry and didn't say anything . , I might have won the argument . ,1
"After arriving at my aunt's house, I realized that she had been planning her own trip . ", she always wanted to travel the world . , she will have fun . ,1
I am hugging my boss tightly as a sign of appreciation . , I am not supposed to show emotions at work . , he will think I am unprofessional . ,0
I asked my parents for money to buy a car . , they are always supportive . , they will give me what I want . ,1
I am going to ask my friend's crush out on a date . , I am really shy around people I don't know well . , he/she will say no . ,0
I asked her what she thought about the proposal . , she has been wanting this for a while . , she will respond positively . ,1
I am asking my brother to forgive me for taking his car without asking . , I have never been forgiven by him when I took something from him without asking . , I will be rejected . ,0
I will ask my doctor tomorrow about my test results . , he has been very positive about my health so far . , everything is going to be okay . ,1
I ask my boss to call off the meeting because I'm not feeling well . , my boss is a kind person . , I might get a chance to go home early . ,1
I asked the tour guide what happened to the ancient city that used to be here . , I am interested in history . , she will give me a long lecture . ,0
I asked my friend to come with me to try out for the soccer team . , he has played before . , he has potential . ,1
I was talking to my little brother the other day and he asked me how I make friends . , I can make friends easily . , I have great social skills . ,1
I have just begun looking for a new place to live . , apartments in this area are so expensive . , I will not be able to find an apartment that I can afford . ,0
I approached my friend's crush at the party . , I know she likes him too . , he will tell her and she will be mad . ,0
I put my luggage in the overhead compartment . , it's very heavy . , it will fall down . ,0
I am asking you to go with me to the movies . , you have already been to the movies this week . , you might say no . ,0
My boss's decision will affect my interests . , I may quarrel with him . , will be fired . ,0
I argued with my friends boyfriend because he was being really disrespectful to her . , I stuck up for her . , my friend appreciates me more now . ,1
I ask my boss if he wants to play tennis with me  next Saturday . , we always have fun when we play tennis together . , he will   think it is a great idea . ,1
I asked one of my best friends to teach me how to play the piano . , I never had any musical experience before . , he will judge me for not being good at it . ,0
I go to my boss for advice on how to handle a difficult work situation . , he is experienced and has a lot of knowledge about the company . , I will gain some valuable perspective . ,1
I asked a person I didn't know for a pencil . , I was too shy to speak . , she/he will think I am a beggar . ,0
"I was at the store and I saw a lady fall down, so I asked her if she was okay . ", I was just standing there staring at her  . , I will get scolded by the store manager . ,0
I attended my grandfather's funeral . , he is gone forever . , he will never come back . ,0
I just started my first internship this week at a prestigious law firm . , they are already familiar with the work and I am not . , I will not be able to catch up with the other interns . ,0
I was wondering if I could have your number? . , I just met you . , you might think I am a stalker . ,0
I asked my parents for money to travel . , they are always generous . , they  will give me what I asked for . ,1
I asked my boss if he was okay after he got in a car accident . , I didn't know him well . , he will think I'm prying . ,0
My father affords me protection . , I feel his presence even when I am in danger . , he is always there for me . ,1
I achieved my goal of quitting my day job and becoming a full-time writer . , I became very interested in writing when I was younger . , I am following my passion . ,1
"I was going to ask my girlfriend's dad for permission to marry her, but he passed away before I could . ", he's not alive anymore . , I will never be able to speak to him about it . ,0
I accomplish my purpose of getting a raise by sleeping with my boss . , that is what I really want . , I will have more money to spend on clothes . ,1
My boss asks me to stay  later to finish some work . , I'm not meeting his expectations . , he is going to give me a bad performance review . ,0
My friends ask me to marry her . , I found married life is not what I expected . , I will get divorce . ,0
I assume the new position at work . , I will have to train the new employees . , I will be unable to complete the project on time . ,0
"The military has been disbanded, and everyone is now trying to find new jobs . ", ive been looking for a while . , I will find a new job soon . ,1
The speaker aroused my interest in the talk . , I'm sleepy . , I would not be able to stay awake for the whole thing . ,0
"I was trying to go to my seat in the theatre, but someone was blocking my way . ", I had bought the ticket . , I will get my seat . ,1
I asked my dad for permission to go to the party . , I have to finish my homework first . , he will say no . ,0
I afford my rent by working two jobs . , I have a consistent income . , my job is secure . ,1
The nurse allayed my fears about the surgery and assured me that it would be quick and painless . , she was so kind and compassionate . , I would be in good hands . ,1
My best friend called me yesterday to catch up . , I have a lot of work to do . , I will be too busy to meet up with her . ,0
My sister is arranging an interview for me with her boss . , I don't have much experience . , the job is going to be really difficult . ,0
I hold my friends place in line while they go to the bathroom . , we have been best friends for over six years . , I am being a good friend . ,1
I asked my boss to have lunch with me to discuss the upcoming project . , we are both reasonable people . , we will come to an agreement . ,1
I argued my own case in front of the judge . , I  didn't have any solid evidence . , the jury will rule against me . ,0
I avenge my brother's death by killing the man who killed him . , I have completed my mission . , my brother will be at peace . ,1
My best friend called me yesterday to catch up . , we have not talked in a while . , we will have a great conversation . ,1
I accomplish my goals by working hard and studying diligently . , my grades have improved greatly . , my efforts positively positively positively positively positively positively positively positively positively positively positively positively positively positively positively positively positively positively positively positively positively positively positively positively positively positively positively positively positively positively positively positively positively positively positively positively positively positively positively positively positively positively positively positively positively positively positively positively positively positively positively positively positively positively positively positively positively will be paid off . ,1
"I was at a networking event the other day and I met this really great guy, but I didn't catch his name . ", it's a small world . , we will bumped into each other again . ,1
The security guard only allows people with a pass to enter the building . , I have the pass . , I won't get lost . ,1
I assert my authority by telling my employees what to do . , no one likes to be bossed around . , I am a terrible leader . ,0
I accomplished my goal of fitness . , I will stop exercising . , I will get fatter . ,0
I asked my best friend to prom . , I'm not her type . , she will laugh at me . ,0
I was biting my tongue the other day to keep from saying something I would regret . , I didn't want to ruin the relationship I have with that person . , I made the mature decision . ,1
I argued with my friends boyfriend because he was being really disrespectful to her . , she will probably side with him . , she will dump me as her friend . ,0
I broke my mom's favorite vase when I was moving out of my apartment . , she loves me and knows that I am not perfect . , she will get over it soon . ,1
A couple from our town just adopted a little girl from China . , parent's love is different for adopted children . , they will never love her as much as they love their biological daughter . ,0
I brought my son with me on my business trip to London . , he was happy and excited the whole time we were there . , he enjoyed the sights . ,1
A couple from our town just adopted a little girl from China . , they only adopted her out of pity . , they will never love her as much as they love their biological daughter . ,0
My best friend's dad beat my friend in a race . , she doesn't like to lose . , she was really upset . ,0
I yelled back at my brother when he called me names . , he is my only brother . , I will regret it later . ,0
I was asking my friend for some advice on how to ask out my crush . , I am too scared to ask out my crush myself . , she might think I am pathetic . ,0
I have accomplished my goal of visiting every continent . , I have no money . , I may never get to visit space . ,0
I Amend the phone service contract . , it will lower the monthly bill . , the changes will be good for the company . ,1
"I try to tell my father that I do not want to take over his company, but he tells me that I belong to the company . ", my father is always in control . , I will never be able to make my own decisions . ,0
My dad is taking me to the library because I have a project due . , the library is so boring . , I will never be able to find anything good to read . ,0
I back my boss's car out of the driveway . , I'm not used to driving stick . , I may have just hit his mailbox . ,0
I asked my brother to teach me how to drive . , he is not in a good mood today . , he will get mad at me . ,0
I take my little sister to the park to afford her some pleasurable time outside . , she genuinely enjoys it there . , positively about the result . ,1
I begin my search for a new job . , I have done my research and know what I want . , I will find the perfect place for me . ,1
My boss allows me to enter his office . , he has been avoiding me these past few days . , he is going to ask me to do something difficult . ,0
One of my friends got into an argument with her boyfriend . , she cares about him a lot . , she is going to be really upset . ,0
I show everyone my new car . , it's a very nice car . , they will be jealous of me . ,0
My boss asked me to work the weekend and I agreed . , I work hard . , I get a day off during the week . ,1
I ask my friends for help in finding a job . , my friends will help me . , I will find a good job easily . ,1
A student asked the teacher for a pencil . , the teacher is looks like a kind person . , I positively think that the student will get a pencil . ,1
I am promoted to a position of power over my subordinates . , I know what it feels like to be in their position . , I will be able to help them out . ,1
I adjusted my seatbelt accordingly after the car began to speed up . , I will be better protected in case of a collision . , I  am preventing  a car accident . ,1
I brush my teeth at least twice a day . , I didn't brush my teeth correctly . , I will have dental problems . ,0
My boyfriend has asked me to marry him . , he loves me and I love him . , he's the one I want to spend the rest of my life with . ,1
I poured my heart out to my therapist about my struggles with depression and anxiety . , I have never talked about these issues with anyone before . , she will think I'm crazy . ,0
I beat my friend in a video game . , I usually win . , it means I'm better than them . ,1
I brought my son to school for the first time . , I will miss him so much . , I will not be able to see him during the day . ,0
I added another country to my travel bucket list . , there are so many amazing places in the world . , I will never be able to visit all the places I want to see . ,0
The board of directors accepted the CEO's resignation . , the board of directors were about to fired him . , the company will go bankrupt . ,0
I am going to bring my laptop to class tomorrow . , it shows that I am willing to work hard in her class . , my teacher will be happy to see it . ,1
I arrived at her friend's house to pick her up for our date . , her friend's house was in a bad neighborhood . , she may not be coming out . ,0
I attend my boss's meeting . , the meeting is very long . , I will be bored . ,0
I based my decision to change careers on my experience working in the corporate world . , I may not have the required skills for the new job . , I am not making the right decision . ,0
My mother was shaking me because I was coming home so late . , I had stayed out past my curfew . , it was because she was worried about me . ,1
I was biting my tongue the other day to keep from saying something I would regret . , I would have gotten into a lot of trouble if I had said what I was thinking . , I made the mature decision . ,1
I am getting in my friend's car to go to the movies . , we are laughing and talking . , we are going to have fun . ,1
The CEO was caught abusing his power by creating a slush fund . , it was a big scandal . , he will be fired . ,1
The board of directors accepted the CEO's resignation . , a new CEO was appointed the same day . , the company is going in a new direction . ,1
I was asking my daughter how her day was at school . , she was beaming from ear to ear . , she had a great day . ,1
The principal allowed the seniors access to the roof . , people were climbing and running on the slippery roof . , someone is going to get hurt . ,0
I achieved my goal of quitting my day job and becoming a full-time writer . , it's so hard to make a living as a writer . , I will never be able to make a living at it . ,0
I am promoted to a position of power over my subordinates . , I will be so much younger than them . , they will resent me . ,0
I broke my back last week when I fell off my bike . , I can walk again and my pain has decreased . , I am getting better . ,1
I bet my friend that I can finish my project before the deadline . , I'm confident in my abilities . , I'm going to win the bet . ,1
I ask my boss's opinion on what color to paint my office walls . , I am usually pretty good at picking out colors . , my boss will actually listen to me . ,1
My coworker is always advancing toward me and trying to engage in small talk . , we work in the same office . , she is trying to make friends with me . ,1
I broke my window yesterday . , it's a big window . , I will have to spend a lot of money to fix it . ,0
My lawyer will argue my case in court tomorrow . , she is well prepared . , I have a strong chance of winning . ,1
I allowed the intruder into my house . , he was only looking for money . , he wouldn't have hurt me . ,1
I announced my decision to join the army . , the army is at war . , I will be sent to the front line . ,0
I accepted his resignation begrudgingly . , he was the only one with that particular skill set . , I will need to look for another employee to train . ,0
The police officer afforded me protection when I testified against the mob boss . , I incriminated him  . , they will come after me . ,0
I am babysitting my friend's cousin while they go out on a date . , that is what they always get me when I do them a solid . , I will get paid in pizza . ,1
My friends ask me to prom . , I don't have any formal clothes  . , I will have to spend a lot of money on a dress . ,0
I have achieved my sales goals for the quarter . , my boss promised me one if I hit my targets . , I will earn a bonus . ,1
I am performing my duties as a maid . , I am usually very messy  . , I am not good enough . ,0
I almost hit a pedestrian with my car . , I was driving recklessly . , I will be arrested . ,0
My boss adds fuel to the fire by constantly putting me down in front of others . , he will realize that I am a great asset to the company . , it's only a matter of time before I get a promotion . ,1
I called my doctor this morning to schedule an appointment . , the schedule is booked solid . , I won't be able to get in for weeks . ,0
My boss allows me to enter his office . , I made too many mistakes at work . , I will be fired . ,0
I asked the grocery store clerk for pardon because I accidentally cut in front of her in line . , I was very rude . , she will not forgive me . ,0
I admire my friend's work as an artist . , I lack  talent . , my work will never be as good . ,0
I aroused my boss' interest with my new project proposal . , he  expects a lot from me . , he will put a lot of pressure on me to succeed . ,0
I asked my little sister's permission to borrow her laptop . , I have been a good sister to her and she knows I will take care of her laptop . , she will say yes . ,1
My parents just adopted a new kitten . , they said I could . , I am going to get to play with her soon . ,1
My boss is taking me out to lunch today to discuss my raise . , I have worked hard and put in the extra effort he asked for . , everything is going perfectly . ,1
I accidentally broke my mom's favorite vase when I was dusting it . , she was very attached to it . , she will never forgive me . ,0
I decided to go on a hike with my friends . , I am in good shape . , I would be able to make it to the top . ,1
I adapt my work schedule to the needs of my family . , they are  not  the  first  to  develop  the product . , they are not innovative . ,0
My employer asserts their right to privacy in the workplace . , they are not required to do so . , My employer is not committed to transparency . ,0
I asked my grandmother if she wanted to go on a trip with us to Paris . , she has always loved to travel . , she is going to enjoy the trip . ,1
I will agree to work on the project . , it is something I am passionate about . , it will be fun to work on . ,1
The students crowd around the table to get a better view of the experiment . , they have been asking questions about it . , they will be interested in the outcome . ,1
I bait my grandpa's hook when we go fishing . , I always do a good job . , he will praise me for my hard work . ,1
"I talked to my boss about getting a raise, and he agreed and gave me a raise . ", he is very nice . , I will owe him a lot . ,0
My best friend caught me cheating and I asked him to forgive me . , cheating is unforgivable . , he will hate me and never want to speak with me again . ,0
I asked my boss for my co-worker's number so I could ask her about the project . , I have been getting along with her and she has been helpful . , she will say yes . ,1
I asked the author to write a book about their experiences . , they have had a lot of interesting experiences . , it will be an interesting book . ,1
The government has admitted Puerto Rico as the 51st state of the United States . , they will be an official part of the United States . , this will give Puerto Ricans a better sense of security . ,1
I lead two groups in my church . , both of the groups are doing very well . , I am doing what God has called me to do . ,1
I asked my teacher for an assignment extension . , I've asked for too many extensions already . , he will say no . ,0
I ask my boss to let me leave early so I can attend my child's soccer game . , I have been working hard and put in extra hours recently . , he will allow me to leave . ,1
I just bought a new car . , it was very cheap . , it was the best decision . ,1
I ask all my friends if they want to go out to eat with me and my boss . , I will make sure to take care of the bill . , they will have a good time . ,1
We brought the team together for a training session . , I am new to the company . , I will be the only one who is not knowledgable . ,0
I have just begun looking for a new place to live . , the process of looking is so tiring . , I will never find a place I like . ,0
"I was going to take the easy way out and just do the bare minimum to pass the class, but my friend convinced me to push myself and take the harder course . ", I'm already struggling with the bare minimum . , I would not have been able to handle the extra work . ,0
I beat my father in a race . , I am faster than him . , I am able to beat him . ,1
I give my girlfriend flowers on our anniversary . , she prefers chocolates . , she won't like them . ,0
I ran the fastest 5k ever and beat my personal record . , I train hard and do not give up easily . , I am a great runner . ,1
I asked my son to come with me to the store . , he doesn't like shopping . , he will refuse . ,0
My father is attending to his duties as a doctor . , he is going save many lives . , he is going to make a lot of people have a better life . ,1
I brought home my ex-boyfriend's dog because he was moving out of the country and couldn't take her with him . , I have more time to spend with her and she loves me . , she'll be happier with me . ,1
I will get my degree soon . , I changed my major too many times . , I wasted my college years . ,0
I pretend to be interested in sports so that my male friends will not think I am weird . , I know nothing about sports . , I will not be able to keep up the act . ,0
My friend asks me out on a date tomorrow . , we have gone out before and we always have a great time . , we will have a great time tomorrow . ,1
I asked the cashier what was wrong because she was giving me a weird look . , she smiled back at me and said thank you for caring. , I did something nice . ,1
I really admire my boss's work . , I  am  just  a  new  staff  in  this  company . , I will be not appreciated . ,0
My boss is not allowing me access to the company credit card . , he's never been openness about money matters . , I will never get a raise . ,0
I have to adapt to my new environment in college . , I'm not used to new places . , I will be discriminated against . ,0
I broke my hip when I fell from the tree . , I survived . , I have a positive outlook on life . ,1
I would advise you to go on the earlier flight . , the plane will land sooner . , you will make it in time for your interview . ,1
The cashier was trying to explain to me why I couldn't use my credit card . , the cashier was taking a long time  . , I would end up getting the items for free . ,1
The cashier asks me for my ID . , I am over 21 . , I will be able to buy alcohol . ,1
I break my hip after falling down the stairs at my office . , it's a very complicated injury . , I will have to go through a surgery . ,0
I bet my best friend that I could wear heels for an entire day . , my feet hurt after five minutes . , I will lose the bet . ,0
I agreed to take my little sister to the mall . , she will want to buy everything she sees . , I will have to spend a lot of money . ,0
I give my boss a detailed description of the project I have been working on . , I am not confident in my abilities  . , he will think it is not good enough . ,0
I asked my friends if they wanted to stay for dinner . , we always have a good time when we hang out . , they would like to stay . ,1
I introduce myself to the new boss . , I am not confident . , he/she will think I am unqualified . ,0
I used my friend's car to get to the party . , I was driving under the influence . , I will get caught . ,0
I was asking my grandmother for her recipe for apple pie . , it's a family secret . , she will not want to share it with me . ,0
The doorman wouldn't allow me to enter the building without my ID . , he is just doing his job . , I am doing the right thing by carrying my ID with me . ,1
My aunt also took my cousin on a trip to the United States . , my aunt promised to take me next time . , I am happy for them . ,1
I will bring my daughter to school . , I have never taken care of a child before . , I will be a terrible mother . ,0
I ask my boss for help with a project I'm working on . , I'm new to the job . , she will think I'm incompetent . ,0
I found out that my habits are really affecting my health negatively . , I want to live a long and healthy life . , I could change for the better . ,1
I bet my boots that I can get the job done in time . , I have a lot of experience in this area . , I will succeed . ,1
The cashier is trying to explain to the customer why there is a limit on the number of items they can purchase . , I completely understand where the customer is coming from . , it would be super awkward if I was in that position . ,1
I Amend the phone service contract . , the contract is almost over . , I will have to pay a lot of money . ,0
I was browsing my collection of books on travel guides for my next trip . , I need to finish work first . , I will not have time to go on the trip . ,0
I accomplish my purpose of getting a raise by sleeping with my boss . , my boss has given me what I asked for . , I have gotten what I wanted . ,1
I attend my scientist friend's research meetings . , I had completed some basic science courses in college . , I will be able to understand the science . ,1
I bring my son to his first day of school . , he's scared of new environments . , he won't want to stay with me . ,0
I adopt a kitten from the animal shelter . , my lease doesn't allow it . , I will have to return it because my apartment doesn't allow pets . ,0
I notice my boss is crying and I bring tissues to her . , she seems to be going through a tough time . , I am being a great friend . ,1
I text my boyfriend to see if he wanted to get dinner . , we have been dating for a while now . , he will  say yes . ,1
I asked my friends what they thought of my new haircut . , they gave me many compliments . , they think I look fantastic . ,1
I have achieved my travel goals for this year . , I've planned and saved for it . , I've done a lot this year . ,1
I bait my grandpa's hook when we go fishing . , I caught the biggest fish last time . , He'll be so proud of me . ,1
I advance my career by networking and going to industry events . , I'm not  well-connected . , I will never get promoted . ,0
I would advise you to go on the earlier flight . , the weather forecast called for bad weather . , your flight may be delayed . ,0
I asked my mom if she wanted to go to the mall with me . , she has never said no to me before . , she will say yes . ,1
My mother held me tighter as the train left the station . , she was worried about my safety . , she would never let me go . ,0
I am waiting for my turn in the doctor's office . , he always does a thorough job . , the doctor will give me a clean bill of health . ,1
I have to accept my employees resignation because he is caught stealing from the company . , he has been coming in late and leaving early . , I should have seen the signs . ,0
"I'm currently going through a divorce and although it's been hard, I'm trying to focus on being the best parent I can be for my kids . ", I'm maintaining a good relationship with their other parent . , I'm doing the best thing for my children . ,1
I added a new book to my collection . , my bookshelves are full . , I have too many books and no where to put them . ,0
We were waiting in line for the new iPhone . , it is the newest phone on the market . , it is going to be worth the wait . ,1
I have been looking for a new job for the past few months . , I have sent out many resumes and gone to a lot of interviews . , I will get an offer soon . ,1
I asked my friend to come with me to try out for the soccer team . , he was a great player in high school . , he has potential . ,1
I avenge my brother's death by killing the man who killed him . , my brother can't do it himself  . , I have done what is right . ,1
I'm waiting for my boss to leave so I can go home . , he's still working . , I will have to work overtime . ,0
I am leading a team of people in a marathon . , I haven't ran in a very long time . , I will not be able to complete the race . ,0
I accept your offer to go for a date . , I am not pretty . , you will think I am ugly . ,0
My boss always tells me that I need to improve my writing skills . , he wants me to be successful . , he values my opinion . ,1
"After reading the news article, I have decided to form my own opinion on the political situation . ", I have read multiple different opinions on the matter . , that I will be better informed about the situation . ,1
I spend many hours working on a project that I'm not interested in . , I'm working extra hard . , I will get paid more . ,1
I also asked for a raise . , I just started working here . , my boss will think I'm greedy . ,0
I asked my friend's permission to borrow his car . , I'm a good driver and he trusts me . , he will let me drive it . ,1
I agreed to take my little sister to the mall . , she really wanted to go and she said thank you . , it will make her happy . ,1
The soldier aims his gun at the target . , the gun is pointed at the target . , he is going to shoot the target . ,1
My dad always told me that I should travel while I'm young . , I'm too old . , now I will never be able to go . ,0
My best friend's dad beat my friend in a race . , it was a close match . , she was really upset . ,0
I used my grandparents' old car to get to my friend's house . , it had been starting fine all week . , it would  start . ,1
I asked my friend's crush out on a date . , I have known her for a while and she seems to be interested in me . , she will say yes . ,1
I answer my boss's question about the progress of my project . , my boss nods his head approvingly . , I'm doing a good job . ,1
My boss asked me what I thought of his new business idea . , it is creative and innovative . , it is a wonderful idea . ,1
My coworker is always advancing toward me and trying to engage in small talk . , she never talks to me when we are not at work . , she is just trying to be friends with me and not actually interested . ,0
The professor asked me to explain the experiment . , I  didn't know the answer . , I will stutter . ,0
I avoid my ex's eyes when we bump into each other in public . , he/she sees the shame in my face . , he/she knows I regret breaking up with him/her . ,0
"I'm the head of HR, and I arranged an interview for a candidate . ", he went to Harvard . , he deserves the job . ,1
I asked the teacher to repeat what she had said because I didn't understand . , I should be able to understand what the teacher is saying . , I will be seen as unintelligent . ,0
My boss also took me to a movie . , he was trying to be romantic . , he wanted to date me . ,1
I attend my daughter's karate meetings . , she started karate . , she is gaining confidence . ,1
I agreed to go on a second date with the guy I met online . , we both like hiking and adventure . , we will have a lot in common . ,1
"I saw my friend's crush at the library the other day, so I went up and talked to her . ", she was really friendly and seemed interested in what I had to say . , she is really cool and I want to get to know her better . ,1
I asked my friend's sister out on a date . , I am not her type . , she will reject me . ,0
My little sister broke my window while she was playing ball . , I am the oldest child . , I will have to pay to fix it . ,0
I messaged an old friend to see if they wanted to hang out next time I'm in town . , I haven't talked to them in years . , they will say no . ,0
I added a new book to my collection of books on ancient Greece . , I don't know where it goes . , I will have to shelve it in the wrong place . ,0
I have asked my mom to help me plan my wedding . , she loves me and wants me to have the best day possible . , she will be happy to help me . ,1
I avoid eye contact with my boss when she's in a bad mood . , I don't want her to think I'm challenging her authority . , I'm not going to get in trouble . ,1
I asked my boss if she would join my book club . , she generally enjoys reading . , she will agree . ,1
"After I put in a hard day's work, it was nice to come home to a home-cooked meal . ", they took the time to make me dinner . , my partner did something nice for me . ,1
I have beaten my brother at tennis for the first time . , I am usually the one who loses . , he will never let me live it down . ,0
I was walking to work the other day when this strange man started following me . , I was paranoid and no one was around . , I made it up in my head . ,1
My boss is taking me out to lunch today to discuss my raise . , my boss has been taking me out to lunch a lot lately . , this is going to be a great lunch . ,1
I asked my boss for a raise . , I have been working here for 3 years and I have never asked for a raise before . , I will get what I ask for . ,1
I was teaching my little sister how to fish . , she still doesn't know how to fish . , I was a terrible teacher . ,0
I ran into my ex's mom at the grocery store and she asked how I was doing . , I am not over him yet . , she will tell her son that I am not doing well . ,0
I asked my uncle for help to fix my car . , he is always busy . , he will refuse . ,0
I ask my doctor about my hair loss . , he is the expert . , he will find the root of the problem . ,1
My grandparents ask me if I am going to marry my high school sweetheart . , my grandparents disapprove of him . , I will have to break up with him . ,0
"I was out fishing with my buddies and one of them forgot to bring bait, so I had to share mine . ", I only brought enough for myself . , I will not have enough . ,0
I had to apologize to my boss for being late . , I have been late for work too many times . , she will fire me . ,0
My friends ask me to marry her . , she is not my type . , my friends set me up . ,0
I bring up my children in a conversation with my boss . , I'm always talking about my kids . , he may think I'm not dedicated to my job . ,0
I assume the new position at work . , I have no experience in this field . , I will be unable to complete the project on time . ,0
"The military has been disbanded, and everyone is now trying to find new jobs . ", I have experience in the field . , it opens up more opportunities for me . ,1
I arouse my boss's interest by wearing a low-cut shirt to work . , he  is always making sexual jokes . , he  will try to take sexual advantage of me . ,0
I was at my friend's house and she started biting her nails and I realized I do the same thing . , I have been more aware of it lately . , I can kick my bad habit . ,1
I ask my boss to take a look at my resume . , he is very busy . , he will not have time for me . ,0
I always told my friends that I would never get married . , they are in happy relationships . , they may get married before me . ,0
I gave my mother a big hug and kiss goodbye as I left for college . , I'm her only child . , she might start crying . ,0
I put up a sign for my wife's new business . , it's in a rough neighborhood . , it will be vandalized . ,0
I turned 18 yesterday and am now a legal adult . , I will have to support myself now . , I have to start paying taxes . ,0
My aunt also bought me a souvenir keychain from her trip to Italy . , I love to travel . , I will go there one day . ,1
I give my girlfriend flowers on our anniversary . , I forgot to get her favorite kind . , she won't like them . ,0
My uncle avenged my grandfather's death . , my uncle is now in jail . , I will never see my grandfather again . ,0
I asked my friend for advice on how to handle my boss . , I am asking for help . , he will think I am not capable of doing my job . ,0
I added a new book to my collection of books on ancient Greece . , I have no time to read . , it will sit unread on my shelf . ,0
I beat the world record for the hundred-meter dash . , I am the only person to have ever done it . , people will be amazed . ,1
I accidentally broke my mom's favorite vase when I was dusting it . , she won't be able to find another one like it . , I will be in big trouble . ,0
I asked my teacher a question in class . , she answer it and she seemed to be interested in what I was asking . , my question was valid . ,1
My college is affordable because I have a scholarship . , I will be able to focus on my studies and not have to worry about working to pay for my tuition . , I will get a good education . ,1
I talked to my daughter about getting a cat . , I have seen how she is with other people's pets . , she will take good care of it . ,1
I asked my professor for an extension on my paper . , I've already used up all my extensions . , my request will be denied . ,0
My chiropractor has been having me come in three times a week to help improve my posture . , I will have gone to the chiropractor so often . , my posture will improve . ,1
My friends and I afford each other company . , we have different interests . , we  will be separated . ,0
My boss's decision will affect my interests . , I will lose some of my benefits . , it may not be the best decision . ,0
I asked my teacher for a recommendation for a summer program . , she knows how hard I have worked in her class . , my teacher will write me a strong letter . ,1
I babysit my younger cousin while my aunt goes out to run errands . , my aunt really appreciates it when I help her out . , I am helping out my family . ,1
I afford my rent by working two jobs . , I spend most of my paycheck on rent . , I will never be able to afford anything else . ,0
I am assuming the role of coordinator for the project . , I will be working with a great team . , positively  that the project will be a success . ,1
I asked my friend's sister out on a date . , I am not her type . , she will say no . ,0
I ask my neighbors if they know where my lost cat is . , they are animal lovers . , they will give me an answer . ,1
